#
# A fatal error has been detected by the Java Runtime Environment:
#
#  SIGSEGV (0xb) at pc=0x000000010afa40c4, pid=21650, tid=83971
#
# JRE version: OpenJDK Runtime Environment Temurin-21.0.6+7 (21.0.6+7) (build 21.0.6+7-LTS)
# Java VM: OpenJDK 64-Bit Server VM Temurin-21.0.6+7 (21.0.6+7-LTS, mixed mode, sharing, tiered, compressed oops, compressed class ptrs, g1 gc, bsd-aarch64)
# Problematic frame:
# V  [libjvm.dylib+0x52c0c4]  jni_SetObjectArrayElement+0x168
#
# No core dump will be written. Core dumps have been disabled. To enable core dumping, try "ulimit -c unlimited" before starting Java again
#
# If you would like to submit a bug report, please visit:
#   https://github.com/adoptium/adoptium-support/issues
#

---------------  S U M M A R Y ------------

Command Line: -Dfile.encoding=UTF-8 -Xms1024m -Xmx1024m -Xss4M -XX:ReservedCodeCacheSize=128m -Dsbt.script=/Users/williampattle/.sdkman/candidates/sbt/current/bin/sbt -Dscala.ext.dirs=/Users/williampattle/.sbt/1.0/java9-rt-ext-eclipse_adoptium_21_0_6 /Users/williampattle/.sdkman/candidates/sbt/1.11.7/bin/sbt-launch.jar run

Host: "Mac16,8" arm64, 12 cores, 24G, Darwin 25.5.0, macOS 26.5.2 (25F84)
Time: Tue Aug  4 15:40:18 2026 BST elapsed time: 528695.221111 seconds (6d 2h 51m 35s)

---------------  T H R E A D  ---------------

Current thread (0x0000000be42c3800):  JavaThread "WatchService for /Users/williampattle/Applications/hmrc/securities-transfer-charge-frontend/app" daemon [_thread_in_vm, id=83971, stack(0x000000017c540000,0x000000017c943000) (4108K)]

Stack: [0x000000017c540000,0x000000017c943000],  sp=0x000000017c93b6d0,  free space=4077k
Native frames: (J=compiled Java code, j=interpreted, Vv=VM code, C=native code)
V  [libjvm.dylib+0x52c0c4]  jni_SetObjectArrayElement+0x168
C  [jna17968130179710291824.tmp+0xd6d8]  JNA_callback_dispose+0x448
C  [jna17968130179710291824.tmp+0xced4]  create_callback+0x7f8
C  [jna17968130179710291824.tmp+0xef14]  ffi_prep_closure_loc+0x46c
C  [jna17968130179710291824.tmp+0x101d4]  ffi_prep_closure_loc+0x172c
C  [FSEvents+0x2a80]  implementation_callback_rpc+0xca4
C  [FSEvents+0x1d54]  _Xcallback_rpc+0xdc
C  [FSEvents+0x1c48]  FSEventsD2F_server+0x44
C  [FSEvents+0x5050]  FSEventsClientProcessMessageCallback+0x48
C  [CoreFoundation+0xa93dc]  __CFMachPortPerform+0xf0
C  [CoreFoundation+0x7e4a8]  __CFRUNLOOP_IS_CALLING_OUT_TO_A_SOURCE1_PERFORM_FUNCTION__+0x3c
C  [CoreFoundation+0x7e3d0]  __CFRunLoopDoSource1+0x1f8
C  [CoreFoundation+0x7cd98]  __CFRunLoopRun+0x878
C  [CoreFoundation+0x14f1c4]  _CFRunLoopRunSpecificWithOptions+0x214
C  [CoreFoundation+0xf2af4]  CFRunLoopRun+0x40
C  [jna17968130179710291824.tmp+0x1004c]  ffi_prep_closure_loc+0x15a4
C  [jna17968130179710291824.tmp+0xea18]  ffi_call+0x520
C  [jna17968130179710291824.tmp+0x6814]  Java_com_sun_jna_Native_invokePointer+0x97c
C  [jna17968130179710291824.tmp+0x6be8]  Java_com_sun_jna_Native_invokeVoid+0x2c
j  com.sun.jna.Native.invokeVoid(Lcom/sun/jna/Function;JI[Ljava/lang/Object;)V+0
j  com.sun.jna.Function.invoke([Ljava/lang/Object;Ljava/lang/Class;ZI)Ljava/lang/Object;+42
j  com.sun.jna.Function.invoke(Ljava/lang/reflect/Method;[Ljava/lang/Class;Ljava/lang/Class;[Ljava/lang/Object;Ljava/util/Map;)Ljava/lang/Object;+271
j  com.sun.jna.Library$Handler.invoke(Ljava/lang/Object;Ljava/lang/reflect/Method;[Ljava/lang/Object;)Ljava/lang/Object;+390
j  jdk.proxy4.$Proxy6.CFRunLoopRun()V+9 jdk.proxy4
j  io.methvin.watchservice.MacOSXListeningWatchService$CFRunLoopThread.run()V+78
v  ~StubRoutines::call_stub 0x0000000114238154
V  [libjvm.dylib+0x4abf1c]  JavaCalls::call_helper(JavaValue*, methodHandle const&, JavaCallArguments*, JavaThread*)+0x3d8
V  [libjvm.dylib+0x4aae54]  JavaCalls::call_virtual(JavaValue*, Klass*, Symbol*, Symbol*, JavaCallArguments*, JavaThread*)+0x140
V  [libjvm.dylib+0x4aaf20]  JavaCalls::call_virtual(JavaValue*, Handle, Klass*, Symbol*, Symbol*, JavaThread*)+0x64
V  [libjvm.dylib+0x57b234]  thread_entry(JavaThread*, JavaThread*)+0x9c
V  [libjvm.dylib+0x4c033c]  JavaThread::thread_main_inner()+0x98
V  [libjvm.dylib+0x9f3c38]  Thread::call_run()+0xc8
V  [libjvm.dylib+0x818814]  thread_native_entry(Thread*)+0x118
C  [libsystem_pthread.dylib+0x6c58]  _pthread_start+0x88
Java frames: (J=compiled Java code, j=interpreted, Vv=VM code)
j  com.sun.jna.Native.invokeVoid(Lcom/sun/jna/Function;JI[Ljava/lang/Object;)V+0
j  com.sun.jna.Function.invoke([Ljava/lang/Object;Ljava/lang/Class;ZI)Ljava/lang/Object;+42
j  com.sun.jna.Function.invoke(Ljava/lang/reflect/Method;[Ljava/lang/Class;Ljava/lang/Class;[Ljava/lang/Object;Ljava/util/Map;)Ljava/lang/Object;+271
j  com.sun.jna.Library$Handler.invoke(Ljava/lang/Object;Ljava/lang/reflect/Method;[Ljava/lang/Object;)Ljava/lang/Object;+390
j  jdk.proxy4.$Proxy6.CFRunLoopRun()V+9 jdk.proxy4
j  io.methvin.watchservice.MacOSXListeningWatchService$CFRunLoopThread.run()V+78
v  ~StubRoutines::call_stub 0x0000000114238154

siginfo: si_signo: 11 (SIGSEGV), si_code: 2 (SEGV_ACCERR), si_addr: 0x0000000000000000

Registers:
 x0=0x0000000be42c3bb8  x1=0x0000000000000000  x2=0x0000000000000000  x3=0x0000000000000000
 x4=0xfffffff59fcf8673  x5=0x000000000000001b  x6=0x000000000000005d  x7=0x0000000000000000
 x8=0x0000000000000000  x9=0xcd02087442d40058 x10=0x0000000000000001 x11=0x0000000000000003
x12=0x000000017c93a7f0 x13=0x000000017c93a7e8 x14=0x0000000000000010 x15=0x0106d3000106d900
x16=0x0000000000000048 x17=0x0000000bdd11ada0 x18=0x0000000000000000 x19=0x0000000be42c3800
x20=0x0000000000000001 x21=0x0000000000000000 x22=0x0000000000000000 x23=0x0000000000000000
x24=0x0000000000000000 x25=0x0000000be42c3bb8 x26=0x0000000000000000 x27=0x0000000109f0c698
x28=0x0000000000000006  fp=0x000000017c93b800  lr=0x000000010afa4030  sp=0x000000017c93b6d0
pc=0x000000010afa40c4 cpsr=0x0000000080000000

Register to memory mapping:

x0 =0x0000000be42c3bb8 points into unknown readable memory: 0x000000010b77b5d0 | d0 b5 77 0b 01 00 00 00
x1 =0x0 is null
x2 =0x0 is null
x3 =0x0 is null
x4 =0xfffffff59fcf8673 is an unknown value
x5 =0x000000000000001b is an unknown value
x6 =0x000000000000005d is an unknown value
x7 =0x0 is null
x8 =0x0 is null
x9 =0xcd02087442d40058 is an unknown value
x10=0x0000000000000001 is an unknown value
x11=0x0000000000000003 is an unknown value
x12=0x000000017c93a7f0 is pointing into the stack for thread: 0x0000000be42c3800
x13=0x000000017c93a7e8 is pointing into the stack for thread: 0x0000000be42c3800
x14=0x0000000000000010 is an unknown value
x15=0x0106d3000106d900 is an unknown value
x16=0x0000000000000048 is an unknown value
x17=0x0000000bdd11ada0 points into unknown readable memory: 0x00000000ffffffff | ff ff ff ff 00 00 00 00
x18=0x0 is null
x19=0x0000000be42c3800 is a thread
x20=0x0000000000000001 is an unknown value
x21=0x0 is null
x22=0x0 is null
x23=0x0 is null
x24=0x0 is null
x25=0x0000000be42c3bb8 points into unknown readable memory: 0x000000010b77b5d0 | d0 b5 77 0b 01 00 00 00
x26=0x0 is null
x27=0x0000000109f0c698: ffi_type_pointer+0 in /Users/williampattle/Library/Caches/JNA/temp/jna17968130179710291824.tmp at 0x0000000109ef4000
x28=0x0000000000000006 is an unknown value
 fp=0x000000017c93b800 is pointing into the stack for thread: 0x0000000be42c3800
 lr=0x000000010afa4030: jni_SetObjectArrayElement+0xd4 in /Users/williampattle/.sdkman/candidates/java/21.0.6-tem/lib/server/libjvm.dylib at 0x000000010aa78000
 sp=0x000000017c93b6d0 is pointing into the stack for thread: 0x0000000be42c3800

Top of Stack: (sp=0x000000017c93b6d0)
0x000000017c93b6d0:   000000017c93b730 000000010aefd730
0x000000017c93b6e0:   000000010b7584c8 0000000be42c3800
0x000000017c93b6f0:   0000007001db83e8 0000000000000003
0x000000017c93b700:   0000000be42c3800 0000000bd9465918
0x000000017c93b710:   0000000b00000088 000000010b63a165
0x000000017c93b720:   0000000000000001 0000000be42c3800
0x000000017c93b730:   000000017c93b7e0 000000010af90d6c
0x000000017c93b740:   000000017c93b780 000000010ad01c1c
0x000000017c93b750:   0000000be42c3bb8 000000010b7584e0
0x000000017c93b760:   0000000be42c3800 0000007000001240
0x000000017c93b770:   0000000000000005 0000000100000006
0x000000017c93b780:   000000017c93b800 0000000be42c3800
0x000000017c93b790:   0000000bd9465918 0000000000000088
0x000000017c93b7a0:   cd02087442d40058 0000000be42c3800
0x000000017c93b7b0:   0000000000000006 0000000109f0c698
0x000000017c93b7c0:   0000000000000000 0000000000000000
0x000000017c93b7d0:   0000000be43026c0 0000000be42c3bb8
0x000000017c93b7e0:   000000017c93bac0 000000017c93b920
0x000000017c93b7f0:   0000000bdd11c700 0000000bdd11c718
0x000000017c93b800:   000000017c93b880 0000000109f016d8
0x000000017c93b810:   000000017c93b830 0000000be43026c0
0x000000017c93b820:   0000000be42c3bb8 cd02087442d40058
0x000000017c93b830:   0000000000000006 0000000109f0c698
0x000000017c93b840:   0000000000000008 0000000000000000
0x000000017c93b850:   0000000be41c43c0 0000000bdd11c718
0x000000017c93b860:   0000000bdd11c700 000000017c93bac0
0x000000017c93b870:   000000017c93b920 000000010b77b5c8
0x000000017c93b880:   000000017c93b910 0000000109f00ed4
0x000000017c93b890:   0000000000000000 0000000000000000
0x000000017c93b8a0:   0000000000000006 0000000000000000
0x000000017c93b8b0:   000000017c93b980 0000000be42c3bb8
0x000000017c93b8c0:   0000000000000008 0000000be42c3bb8 

Instructions: (pc=0x000000010afa40c4)
0x000000010afa3fc4:   94 00 00 34 7f 62 03 b9 00 00 80 52 8e c1 0b 94
0x000000010afa3fd4:   48 40 00 b0 08 a1 37 91 08 01 40 39 69 12 11 91
0x000000010afa3fe4:   ca 00 80 52 2a fd 9f 88 68 04 00 34 68 22 11 91
0x000000010afa3ff4:   08 c1 bf f8 88 04 00 37 68 42 44 b9 1f 05 1e 72
0x000000010afa4004:   60 00 00 54 e0 03 13 aa 65 53 fe 97 68 12 11 91
0x000000010afa4014:   c9 00 80 52 09 fd 9f 88 f3 7f 03 a9 68 06 40 f9
0x000000010afa4024:   68 00 00 b4 e0 c3 00 91 ad ba 0c 94 b7 7e 40 93
0x000000010afa4034:   e0 03 19 aa e1 03 16 aa e2 03 17 aa e3 03 18 aa
0x000000010afa4044:   1f 20 03 d5 c8 06 40 92 1f 09 00 f1 c0 02 00 54
0x000000010afa4054:   1f 05 00 f1 61 03 00 54 c0 06 00 d1 88 3e 00 d0
0x000000010afa4064:   08 7d 42 f9 00 01 3f d6 f6 03 00 aa f8 02 00 b5
0x000000010afa4074:   24 00 00 14 bf 3b 03 d5 68 22 11 91 08 c1 bf f8
0x000000010afa4084:   c8 fb 07 36 e0 03 13 aa 21 00 80 52 02 00 80 52
0x000000010afa4094:   c9 f1 0d 94 68 42 44 b9 1f 05 1e 72 41 fb ff 54
0x000000010afa40a4:   db ff ff 17 c0 0a 00 d1 68 3e 00 b0 08 45 40 f9
0x000000010afa40b4:   00 01 3f d6 f6 03 00 aa 98 00 00 b5 11 00 00 14
0x000000010afa40c4:   d6 02 40 f9 f8 01 00 b4 08 07 40 92 1f 09 00 f1
0x000000010afa40d4:   e0 00 00 54 1f 05 00 f1 01 05 00 54 00 07 00 d1
0x000000010afa40e4:   88 3e 00 d0 08 7d 42 f9 04 00 00 14 00 0b 00 d1
0x000000010afa40f4:   68 3e 00 b0 08 45 40 f9 00 01 3f d6 f8 03 00 aa
0x000000010afa4104:   bc 3e 00 b0 9c 23 0a 91 15 04 f8 37 88 03 40 39
0x000000010afa4114:   1f 01 00 71 89 01 80 52 0a 02 80 52 49 01 89 9a
0x000000010afa4124:   c9 6a 69 b8 3f 01 15 6b 0d 03 00 54 98 08 00 b4
0x000000010afa4134:   a8 0a 00 34 c9 0a 40 b9 8a 3e 00 d0 4a 01 3e 91
0x000000010afa4144:   4b 01 40 f9 4a 09 40 b9 29 21 ca 9a 29 01 0b 8b
0x000000010afa4154:   fa 03 18 aa 4c 8f 40 b8 8a 21 ca 9a 40 01 0b 8b
0x000000010afa4164:   21 69 40 f9 29 14 40 b9 0a 68 69 f8 5f 01 01 eb
0x000000010afa4174:   a1 09 00 54 51 00 00 14 18 03 40 f9 bc 3e 00 b0
0x000000010afa4184:   9c 23 0a 91 55 fc ff 36 77 8e 41 f9 f8 6a 41 a9
0x000000010afa4194:   fb 66 42 a9 e0 43 01 91 01 00 80 d2 13 da 0b 94
0x000000010afa41a4:   88 03 40 39 1f 01 00 71 88 01 80 52 09 02 80 52
0x000000010afa41b4:   28 01 88 9a c8 6a 68 b8 f5 23 00 a9 41 32 00 d0 


Stack slot to memory mapping:

stack at sp + 0 slots: 0x000000017c93b730 is pointing into the stack for thread: 0x0000000be42c3800
stack at sp + 1 slots: 0x000000010aefd730: _ZN13InstanceKlass17allocate_instanceEP7oopDescP10JavaThread+0x94 in /Users/williampattle/.sdkman/candidates/java/21.0.6-tem/lib/server/libjvm.dylib at 0x000000010aa78000
stack at sp + 2 slots: 0x000000010b7584c8: _ZTV12ObjAllocator+0x10 in /Users/williampattle/.sdkman/candidates/java/21.0.6-tem/lib/server/libjvm.dylib at 0x000000010aa78000
stack at sp + 3 slots: 0x0000000be42c3800 is a thread
stack at sp + 4 slots: 0x0000007001db83e8 is a pointer to class: 
com.sun.jna.Pointer {0x0000007001db83e8}
 - instance size:     3
 - klass size:        128
 - access:            public synchronized 
 - flags:             rewritten has_nonstatic_fields should_verify_class has_localvariable_table has_vanilla_constructor has_final_method 
 - state:             fully_initialized
 - name:              'com/sun/jna/Pointer'
 - super:             'java/lang/Object'
 - sub:               'com/sun/jna/Function'   'com/sun/jna/Structure$3'   'com/sun/jna/Pointer$Opaque'   'com/sun/jna/Memory'   (0 more klasses...)
 - arrays:            'com/sun/jna/Pointer'[]
 - methods:           Array<T>(0x00000001288471a0)
 - method ordering:   Array<T>(0x0000007000b28738)
 - local interfaces:  Array<T>(0x0000007000613338)
 - trans. interfaces: Array<T>(0x0000007000613338)
 - constants:         constant pool [783] {0x00000001288456e0} for 'com/sun/jna/Pointer' cache=0x0000000128d7c000
 - class loader data:  loader data: 0x0000000bdf21f980 for instance a 'sbt/internal/MetaBuildLoader'{0x00000007c061a1e0}
 - source file:       'Pointer.java'
 - inner classes:     Array<T>(0x0000000128c5c738)
 - nest members:     Array<T>(0x00000070006132c0)
 - permitted subclasses:     Array<T>(0x00000070006132c0)
 - java mirror:       a 'java/lang/Class'{0x00000007c440a158} = 'com/sun/jna/Pointer'
 - vtable length      70  (start addr: 0x0000007001db85a8)
 - itable length      2 (start addr: 0x0000007001db87d8)
 - ---- static fields (1 words):
 - public static final 'NULL' 'Lcom/sun/jna/Pointer;' @112 
 - ---- non-static fields (3 words):
 - protected 'peer' 'J' @16 
 - non-static oop maps: 
stack at sp + 5 slots: 0x0000000000000003 is an unknown value
stack at sp + 6 slots: 0x0000000be42c3800 is a thread
stack at sp + 7 slots: 0x0000000bd9465918 points into unknown readable memory: 0x00000007c03494b8 | b8 94 34 c0 07 00 00 00


---------------  P R O C E S S  ---------------

Threads class SMR info:
_java_thread_list=0x0000000bd864a580, length=68, elements={
0x0000000105540370, 0x000000010555d760, 0x0000000bdd138000, 0x0000000bdd138700,
0x0000000bdd138e00, 0x0000000bdd139500, 0x0000000bdcfd0000, 0x0000000bdcfd0800,
0x0000000bdd139c00, 0x0000000bdd13a300, 0x0000000bdf222300, 0x0000000bdf222a00,
0x0000000bdf223100, 0x0000000bdf274000, 0x0000000bdf274700, 0x0000000be1903100,
0x0000000be15ab800, 0x0000000be28dea00, 0x0000000be40b7100, 0x0000000be40b6a00,
0x0000000be364b800, 0x0000000be3d7c000, 0x0000000be3d7c700, 0x0000000be37a4000,
0x0000000be37a4e00, 0x0000000be37a5500, 0x0000000be37a5c00, 0x0000000be37a6300,
0x0000000be37a6a00, 0x0000000be37a7800, 0x0000000be15ab100, 0x0000000be41f1500,
0x0000000be41f2a00, 0x0000000be41f3100, 0x0000000be42c0000, 0x0000000be42c0700,
0x0000000be42c1500, 0x0000000be42c3800, 0x0000000be4308000, 0x0000000be3ee0e00,
0x0000000be57a5c00, 0x0000000be57a7100, 0x0000000be57a7800, 0x0000000be5704000,
0x0000000be5704700, 0x0000000be5704e00, 0x0000000be5705500, 0x0000000be5705c00,
0x0000000be5706300, 0x0000000be5706a00, 0x0000000be5707100, 0x0000000be5707800,
0x0000000be57ec000, 0x0000000be57ec700, 0x0000000be57ed500, 0x0000000be63fb800,
0x0000000be1c2ea00, 0x0000000be41f0700, 0x0000000be41f1c00, 0x0000000be419f100,
0x0000000be8d07100, 0x0000000be5994e00, 0x0000000be32af100, 0x0000000be5710000,
0x0000000be59d1500, 0x0000000be59d3100, 0x0000000be37a7100, 0x0000000be57ece00
}
_to_delete_list=0x0000000bd7da0e80
Skipping _to_delete_list fields and contents for safety.

Java Threads: ( => current thread )
  0x0000000105540370 JavaThread "main"                              [_thread_blocked, id=4867, stack(0x000000016aff4000,0x000000016b3f7000) (4108K)]
  0x000000010555d760 JavaThread "Reference Handler"          daemon [_thread_blocked, id=28675, stack(0x000000016c36c000,0x000000016c76f000) (4108K)]
  0x0000000bdd138000 JavaThread "Finalizer"                  daemon [_thread_blocked, id=23555, stack(0x000000016c778000,0x000000016cb7b000) (4108K)]
  0x0000000bdd138700 JavaThread "Signal Dispatcher"          daemon [_thread_blocked, id=28163, stack(0x000000016cb84000,0x000000016cf87000) (4108K)]
  0x0000000bdd138e00 JavaThread "Service Thread"             daemon [_thread_blocked, id=24323, stack(0x000000016cf90000,0x000000016d393000) (4108K)]
  0x0000000bdd139500 JavaThread "Monitor Deflation Thread"   daemon [_thread_blocked, id=24835, stack(0x000000016d39c000,0x000000016d79f000) (4108K)]
  0x0000000bdcfd0000 JavaThread "C2 CompilerThread0"         daemon [_thread_blocked, id=27907, stack(0x000000016d7a8000,0x000000016d9ab000) (2060K)]
  0x0000000bdcfd0800 JavaThread "C1 CompilerThread0"         daemon [_thread_blocked, id=25347, stack(0x000000016d9b4000,0x000000016dbb7000) (2060K)]
  0x0000000bdd139c00 JavaThread "Notification Thread"        daemon [_thread_blocked, id=25603, stack(0x000000016dbc0000,0x000000016dfc3000) (4108K)]
  0x0000000bdd13a300 JavaThread "Common-Cleaner"             daemon [_thread_blocked, id=27139, stack(0x000000016dfcc000,0x000000016e3cf000) (4108K)]
  0x0000000bdf222300 JavaThread "pool-1-thread-1"                   [_thread_blocked, id=26115, stack(0x000000016e5e4000,0x000000016e9e7000) (4108K)]
  0x0000000bdf222a00 JavaThread "pool-1-thread-2"                   [_thread_blocked, id=33027, stack(0x000000016e9f0000,0x000000016edf3000) (4108K)]
  0x0000000bdf223100 JavaThread "pool-1-thread-3"                   [_thread_blocked, id=43011, stack(0x000000016edfc000,0x000000016f1ff000) (4108K)]
  0x0000000bdf274000 JavaThread "pool-1-thread-4"                   [_thread_blocked, id=33539, stack(0x000000016f614000,0x000000016fa17000) (4108K)]
  0x0000000bdf274700 JavaThread "pool-1-thread-5"                   [_thread_blocked, id=41987, stack(0x000000016fa20000,0x000000016fe23000) (4108K)]
  0x0000000be1903100 JavaThread "boot-server-socket-thread-1"        [_thread_in_native, id=36355, stack(0x0000000171ac8000,0x0000000171ecb000) (4108K)]
  0x0000000be15ab800 JavaThread "sbt-console-input-reader"          [_thread_in_native, id=42763, stack(0x000000016f208000,0x000000016f60b000) (4108K)]
  0x0000000be28dea00 JavaThread "sbt-command-exchange-fastTrack" daemon [_thread_blocked, id=36611, stack(0x0000000171f14000,0x0000000172317000) (4108K)]
  0x0000000be40b7100 JavaThread "JGit-FileStoreAttributeReader-2" daemon [_thread_blocked, id=50483, stack(0x0000000178c98000,0x000000017909b000) (4108K)]
  0x0000000be40b6a00 JavaThread "JGit-FileStoreAttributeReader-1" daemon [_thread_blocked, id=62483, stack(0x00000001790a4000,0x00000001794a7000) (4108K)]
  0x0000000be364b800 JavaThread "com.swoval.files.apple.FileEventsMonitor.runloop"        [_thread_in_native, id=59927, stack(0x00000001757bc000,0x0000000175bbf000) (4108K)]
  0x0000000be3d7c000 JavaThread "com.swoval.files.SymlinkWatcher.callback-executor-1"        [_thread_blocked, id=59443, stack(0x0000000175bc8000,0x0000000175fcb000) (4108K)]
  0x0000000be3d7c700 JavaThread "FileTreeRepository-callback-executor-1"        [_thread_blocked, id=58387, stack(0x0000000175fd4000,0x00000001763d7000) (4108K)]
  0x0000000be37a4000 JavaThread "com.swoval.files.apple.FileEventsMonitor.runloop"        [_thread_blocked, id=60971, stack(0x00000001763e0000,0x00000001767e3000) (4108K)]
  0x0000000be37a4e00 JavaThread "com.swoval.files.apple.FileEventsMonitor.runloop"        [_thread_in_native, id=48451, stack(0x0000000176bf8000,0x0000000176ffb000) (4108K)]
  0x0000000be37a5500 JavaThread "com.swoval.files.SymlinkWatcher.callback-executor-1"        [_thread_blocked, id=61739, stack(0x0000000177004000,0x0000000177407000) (4108K)]
  0x0000000be37a5c00 JavaThread "FileTreeRepository-callback-executor-1"        [_thread_blocked, id=57611, stack(0x0000000177410000,0x0000000177813000) (4108K)]
  0x0000000be37a6300 JavaThread "com.swoval.files.apple.FileEventsMonitor.runloop"        [_thread_blocked, id=50707, stack(0x000000017781c000,0x0000000177c1f000) (4108K)]
  0x0000000be37a6a00 JavaThread "sbt-task-progress-report-thread"        [_thread_blocked, id=61203, stack(0x00000001753b0000,0x00000001757b3000) (4108K)]
  0x0000000be37a7800 JavaThread "sbt-progress-report-scheduler"        [_thread_blocked, id=56067, stack(0x0000000177c28000,0x000000017802b000) (4108K)]
  0x0000000be15ab100 JavaThread "pool-8-thread-4"                   [_thread_blocked, id=54787, stack(0x000000017884c000,0x0000000178c4f000) (4108K)]
  0x0000000be41f1500 JavaThread "com.swoval.files.apple.FileEventsMonitor.callback-1"        [_thread_blocked, id=87043, stack(0x000000017a8ec000,0x000000017acef000) (4108K)]
  0x0000000be41f2a00 JavaThread "play-watch-service"         daemon [_thread_blocked, id=86579, stack(0x000000017b104000,0x000000017b507000) (4108K)]
  0x0000000be41f3100 JavaThread "reloader-timer"             daemon [_thread_blocked, id=66563, stack(0x000000017b510000,0x000000017b913000) (4108K)]
  0x0000000be42c0000 JavaThread "JNA Cleaner"                daemon [_thread_blocked, id=66819, stack(0x000000017b91c000,0x000000017bd1f000) (4108K)]
  0x0000000be42c0700 JavaThread "WatchService for /Users/williampattle/Applications/hmrc/securities-transfer-charge-frontend/public" daemon [_thread_in_native, id=67331, stack(0x000000017bd28000,0x000000017c12b000) (4108K)]
  0x0000000be42c1500 JavaThread "WatchService for /Users/williampattle/Applications/hmrc/securities-transfer-charge-frontend/conf" daemon [_thread_in_native, id=68611, stack(0x000000017c134000,0x000000017c537000) (4108K)]
=>0x0000000be42c3800 JavaThread "WatchService for /Users/williampattle/Applications/hmrc/securities-transfer-charge-frontend/app" daemon [_thread_in_vm, id=83971, stack(0x000000017c540000,0x000000017c943000) (4108K)]
  0x0000000be4308000 JavaThread "play-dev-mode-scheduler-1"         [_thread_blocked, id=82179, stack(0x000000017c94c000,0x000000017cd4f000) (4108K)]
  0x0000000be3ee0e00 JavaThread "com.swoval.files.apple.FileEventsMonitor.callback-1"        [_thread_blocked, id=77075, stack(0x000000030287c000,0x0000000302c7f000) (4108K)]
  0x0000000be57a5c00 JavaThread "BufferPoolPruner-1-thread-1" daemon [_thread_blocked, id=75531, stack(0x0000000300410000,0x0000000300813000) (4108K)]
  0x0000000be57a7100 JavaThread "Thread-17"                  daemon [_thread_blocked, id=76051, stack(0x0000000301034000,0x0000000301437000) (4108K)]
  0x0000000be57a7800 JavaThread "Thread-18"                  daemon [_thread_blocked, id=78115, stack(0x0000000301440000,0x0000000301843000) (4108K)]
  0x0000000be5704000 JavaThread "Thread-19"                  daemon [_thread_blocked, id=73227, stack(0x000000030184c000,0x0000000301c4f000) (4108K)]
  0x0000000be5704700 JavaThread "Thread-20"                  daemon [_thread_blocked, id=77843, stack(0x0000000301c58000,0x000000030205b000) (4108K)]
  0x0000000be5704e00 JavaThread "Thread-21"                  daemon [_thread_in_native, id=78619, stack(0x0000000302064000,0x0000000302467000) (4108K)]
  0x0000000be5705500 JavaThread "Thread-22"                  daemon [_thread_blocked, id=74531, stack(0x0000000302470000,0x0000000302873000) (4108K)]
  0x0000000be5705c00 JavaThread "Thread-23"                  daemon [_thread_blocked, id=91235, stack(0x00000003044d0000,0x00000003048d3000) (4108K)]
  0x0000000be5706300 JavaThread "Thread-24"                  daemon [_thread_blocked, id=128611, stack(0x00000003048dc000,0x0000000304cdf000) (4108K)]
  0x0000000be5706a00 JavaThread "Thread-25"                  daemon [_thread_blocked, id=125211, stack(0x0000000304ce8000,0x00000003050eb000) (4108K)]
  0x0000000be5707100 JavaThread "Thread-26"                  daemon [_thread_blocked, id=127027, stack(0x00000003050f4000,0x00000003054f7000) (4108K)]
  0x0000000be5707800 JavaThread "Thread-27"                  daemon [_thread_blocked, id=125723, stack(0x0000000305500000,0x0000000305903000) (4108K)]
  0x0000000be57ec000 JavaThread "Thread-28"                  daemon [_thread_blocked, id=91675, stack(0x000000030590c000,0x0000000305d0f000) (4108K)]
  0x0000000be57ec700 JavaThread "Thread-29"                  daemon [_thread_blocked, id=90675, stack(0x0000000305d18000,0x000000030611b000) (4108K)]
  0x0000000be57ed500 JavaThread "Thread-31"                  daemon [_thread_blocked, id=125027, stack(0x0000000306530000,0x0000000306933000) (4108K)]
  0x0000000be63fb800 JavaThread "application-scheduler-1"           [_thread_blocked, id=116031, stack(0x0000000172320000,0x0000000172723000) (4108K)]
  0x0000000be1c2ea00 JavaThread "AsyncGetter-31-thread-1"    daemon [_thread_blocked, id=91503, stack(0x0000000174b98000,0x0000000174f9b000) (4108K)]
  0x0000000be41f0700 JavaThread "MaintenanceTimer-30-thread-1" daemon [_thread_blocked, id=53219, stack(0x0000000178034000,0x0000000178437000) (4108K)]
  0x0000000be41f1c00 JavaThread "cluster-6a6c6d2aa79294b9a571f662" daemon [_thread_blocked, id=30439, stack(0x0000000178440000,0x0000000178843000) (4108K)]
  0x0000000be419f100 JavaThread "com.google.common.base.internal.Finalizer" daemon [_thread_blocked, id=78487, stack(0x000000017d164000,0x000000017d567000) (4108K)]
  0x0000000be8d07100 JavaThread "AsyncHttpClient-31-2"              [_thread_in_native, id=45323, stack(0x000000017d97c000,0x000000017dd7f000) (4108K)]
  0x0000000be5994e00 JavaThread "AsyncHttpClient-31-1"              [_thread_in_native, id=79939, stack(0x000000017e194000,0x000000017e597000) (4108K)]
  0x0000000be32af100 JavaThread "AsyncHttpClient-31-3"              [_thread_in_native, id=123807, stack(0x00000003095c0000,0x00000003099c3000) (4108K)]
  0x0000000be5710000 JavaThread "AsyncHttpClient-31-4"              [_thread_in_native, id=71191, stack(0x00000003099cc000,0x0000000309dcf000) (4108K)]
  0x0000000be59d1500 JavaThread "AsyncHttpClient-31-5"              [_thread_in_native, id=130463, stack(0x000000017a4e0000,0x000000017a8e3000) (4108K)]
  0x0000000be59d3100 JavaThread "AsyncHttpClient-31-6"              [_thread_in_native, id=103195, stack(0x0000000174380000,0x0000000174783000) (4108K)]
  0x0000000be37a7100 JavaThread "AsyncHttpClient-31-7"              [_thread_in_native, id=53695, stack(0x000000017f1c4000,0x000000017f5c7000) (4108K)]
  0x0000000be57ece00 JavaThread "AsyncHttpClient-31-8"              [_thread_in_native, id=122931, stack(0x000000017f5d0000,0x000000017f9d3000) (4108K)]
Total: 68

Other Threads:
  0x0000000bdcfb2800 VMThread "VM Thread"                           [id=20227, stack(0x000000016c048000,0x000000016c24b000) (2060K)] _threads_hazard_ptr=0x0000000bd864a580
  0x00000001055518e0 WatcherThread "VM Periodic Task Thread"        [id=16899, stack(0x000000016be3c000,0x000000016c03f000) (2060K)]
  0x000000010554ab50 WorkerThread "GC Thread#0"                     [id=14595, stack(0x000000016b400000,0x000000016b603000) (2060K)]
  0x0000000bdc1e8000 WorkerThread "GC Thread#1"                     [id=33795, stack(0x000000016fe2c000,0x000000017002f000) (2060K)]
  0x0000000bdc1e8400 WorkerThread "GC Thread#2"                     [id=34307, stack(0x0000000170038000,0x000000017023b000) (2060K)]
  0x0000000bdc1e8800 WorkerThread "GC Thread#3"                     [id=41475, stack(0x0000000170244000,0x0000000170447000) (2060K)]
  0x0000000bdc1e9000 WorkerThread "GC Thread#4"                     [id=40963, stack(0x0000000170450000,0x0000000170653000) (2060K)]
  0x0000000bdc1e9800 WorkerThread "GC Thread#5"                     [id=40451, stack(0x000000017065c000,0x000000017085f000) (2060K)]
  0x0000000bdc1ea000 WorkerThread "GC Thread#6"                     [id=39939, stack(0x0000000170868000,0x0000000170a6b000) (2060K)]
  0x0000000bdc1ea800 WorkerThread "GC Thread#7"                     [id=39427, stack(0x0000000170a74000,0x0000000170c77000) (2060K)]
  0x0000000bdc1eb000 WorkerThread "GC Thread#8"                     [id=39171, stack(0x0000000170c80000,0x0000000170e83000) (2060K)]
  0x0000000bdc1eb800 WorkerThread "GC Thread#9"                     [id=35075, stack(0x0000000170e8c000,0x000000017108f000) (2060K)]
  0x000000010554bbe0 ConcurrentGCThread "G1 Main Marker"            [id=12547, stack(0x000000016b60c000,0x000000016b80f000) (2060K)]
  0x000000010554c680 WorkerThread "G1 Conc#0"                       [id=13059, stack(0x000000016b818000,0x000000016ba1b000) (2060K)]
  0x0000000bdc2b7c00 WorkerThread "G1 Conc#1"                       [id=38403, stack(0x0000000171098000,0x000000017129b000) (2060K)]
  0x0000000bdc2b7800 WorkerThread "G1 Conc#2"                       [id=38147, stack(0x00000001712a4000,0x00000001714a7000) (2060K)]
  0x0000000bdcfb0000 ConcurrentGCThread "G1 Refine#0"               [id=13315, stack(0x000000016ba24000,0x000000016bc27000) (2060K)]
  0x0000000bdcfb0800 ConcurrentGCThread "G1 Service"                [id=16643, stack(0x000000016bc30000,0x000000016be33000) (2060K)]
Total: 18

Threads with active compile tasks:
Total: 0

VM state: synchronizing (normal execution)

VM Mutex/Monitor currently owned by a thread:  ([mutex/lock_event])
[0x000000010b813698] Threads_lock - owner thread: 0x0000000bdcfb2800
[0x000000010b813718] Heap_lock - owner thread: 0x0000000be41f0700

OutOfMemory and StackOverflow Exception counts:
OutOfMemoryError java_heap_errors=9097
LinkageErrors=621

Heap address: 0x00000007c0000000, size: 1024 MB, Compressed Oops mode: Zero based, Oop shift amount: 3

CDS archive(s) mapped at: [0x0000007000000000-0x0000007000c90000-0x0000007000c90000), size 13172736, SharedBaseAddress: 0x0000007000000000, ArchiveRelocationMode: 1.
Compressed class space mapped at: 0x0000007001000000-0x0000007041000000, reserved size: 1073741824
Narrow klass base: 0x0000007000000000, Narrow klass shift: 0, Narrow klass range: 0x100000000

GC Precious Log:
 CardTable entry size: 512
 Card Set container configuration: InlinePtr #cards 5 size 8 Array Of Cards #cards 12 size 40 Howl #buckets 4 coarsen threshold 1843 Howl Bitmap #cards 512 size 80 coarsen threshold 460 Card regions per heap region 1 cards per card region 2048
 CPUs: 12 total, 12 available
 Memory: 24576M
 Large Page Support: Disabled
 NUMA Support: Disabled
 Compressed Oops: Enabled (Zero based)
 Heap Region Size: 1M
 Heap Min Capacity: 1G
 Heap Initial Capacity: 1G
 Heap Max Capacity: 1G
 Pre-touch: Disabled
 Parallel Workers: 10
 Concurrent Workers: 3
 Concurrent Refinement Workers: 10
 Periodic GC: Disabled

Heap:
 garbage-first heap   total 1048576K, used 1047336K [0x00000007c0000000, 0x0000000800000000)
  region size 1024K, 0 young (0K), 0 survivors (0K)
 Metaspace       used 284179K, committed 299328K, reserved 1441792K
  class space    used 36910K, committed 40384K, reserved 1048576K

Heap Regions: E=young(eden), S=young(survivor), O=old, HS=humongous(starts), HC=humongous(continues), CS=collection set, F=free, TAMS=top-at-mark-start, PB=parsable bottom
|   0|0x00000007c0000000, 0x00000007c00ffff8, 0x00000007c0100000| 99%| O|  |TAMS 0x00000007c0000000| PB 0x00000007c0000000| Untracked 
|   1|0x00000007c0100000, 0x00000007c01ffaf8, 0x00000007c0200000| 99%| O|  |TAMS 0x00000007c0100000| PB 0x00000007c0100000| Untracked 
|   2|0x00000007c0200000, 0x00000007c02fffe8, 0x00000007c0300000| 99%| O|  |TAMS 0x00000007c0200000| PB 0x00000007c0200000| Untracked 
|   3|0x00000007c0300000, 0x00000007c03ffff8, 0x00000007c0400000| 99%| O|  |TAMS 0x00000007c0300000| PB 0x00000007c0300000| Untracked 
|   4|0x00000007c0400000, 0x00000007c0500000, 0x00000007c0500000|100%| O|  |TAMS 0x00000007c0400000| PB 0x00000007c0400000| Untracked 
|   5|0x00000007c0500000, 0x00000007c0600000, 0x00000007c0600000|100%| O|  |TAMS 0x00000007c0500000| PB 0x00000007c0500000| Untracked 
|   6|0x00000007c0600000, 0x00000007c06fffb0, 0x00000007c0700000| 99%| O|  |TAMS 0x00000007c0600000| PB 0x00000007c0600000| Untracked 
|   7|0x00000007c0700000, 0x00000007c0800000, 0x00000007c0800000|100%|HS|  |TAMS 0x00000007c0700000| PB 0x00000007c0700000| Untracked 
|   8|0x00000007c0800000, 0x00000007c0900000, 0x00000007c0900000|100%|HC|  |TAMS 0x00000007c0800000| PB 0x00000007c0800000| Untracked 
|   9|0x00000007c0900000, 0x00000007c0a00000, 0x00000007c0a00000|100%|HC|  |TAMS 0x00000007c0900000| PB 0x00000007c0900000| Untracked 
|  10|0x00000007c0a00000, 0x00000007c0afffa0, 0x00000007c0b00000| 99%| O|  |TAMS 0x00000007c0a00000| PB 0x00000007c0a00000| Untracked 
|  11|0x00000007c0b00000, 0x00000007c0bffff8, 0x00000007c0c00000| 99%| O|  |TAMS 0x00000007c0b00000| PB 0x00000007c0b00000| Untracked 
|  12|0x00000007c0c00000, 0x00000007c0cffff8, 0x00000007c0d00000| 99%| O|  |TAMS 0x00000007c0c00000| PB 0x00000007c0c00000| Untracked 
|  13|0x00000007c0d00000, 0x00000007c0dfffa8, 0x00000007c0e00000| 99%| O|  |TAMS 0x00000007c0d00000| PB 0x00000007c0d00000| Untracked 
|  14|0x00000007c0e00000, 0x00000007c0effff0, 0x00000007c0f00000| 99%| O|  |TAMS 0x00000007c0e00000| PB 0x00000007c0e00000| Untracked 
|  15|0x00000007c0f00000, 0x00000007c1000000, 0x00000007c1000000|100%| O|  |TAMS 0x00000007c0f00000| PB 0x00000007c0f00000| Untracked 
|  16|0x00000007c1000000, 0x00000007c10ffff8, 0x00000007c1100000| 99%| O|  |TAMS 0x00000007c1000000| PB 0x00000007c1000000| Untracked 
|  17|0x00000007c1100000, 0x00000007c11ffff0, 0x00000007c1200000| 99%| O|  |TAMS 0x00000007c1100000| PB 0x00000007c1100000| Untracked 
|  18|0x00000007c1200000, 0x00000007c1300000, 0x00000007c1300000|100%| O|  |TAMS 0x00000007c1200000| PB 0x00000007c1200000| Untracked 
|  19|0x00000007c1300000, 0x00000007c13fffc8, 0x00000007c1400000| 99%| O|  |TAMS 0x00000007c1300000| PB 0x00000007c1300000| Untracked 
|  20|0x00000007c1400000, 0x00000007c1500000, 0x00000007c1500000|100%| O|  |TAMS 0x00000007c1400000| PB 0x00000007c1400000| Untracked 
|  21|0x00000007c1500000, 0x00000007c1600000, 0x00000007c1600000|100%| O|  |TAMS 0x00000007c1500000| PB 0x00000007c1500000| Untracked 
|  22|0x00000007c1600000, 0x00000007c16fffd0, 0x00000007c1700000| 99%| O|  |TAMS 0x00000007c1600000| PB 0x00000007c1600000| Untracked 
|  23|0x00000007c1700000, 0x00000007c17ffff0, 0x00000007c1800000| 99%| O|  |TAMS 0x00000007c1700000| PB 0x00000007c1700000| Untracked 
|  24|0x00000007c1800000, 0x00000007c1900000, 0x00000007c1900000|100%| O|  |TAMS 0x00000007c1800000| PB 0x00000007c1800000| Untracked 
|  25|0x00000007c1900000, 0x00000007c19fffe8, 0x00000007c1a00000| 99%| O|  |TAMS 0x00000007c1900000| PB 0x00000007c1900000| Untracked 
|  26|0x00000007c1a00000, 0x00000007c1affff8, 0x00000007c1b00000| 99%| O|  |TAMS 0x00000007c1a00000| PB 0x00000007c1a00000| Untracked 
|  27|0x00000007c1b00000, 0x00000007c1c00000, 0x00000007c1c00000|100%| O|  |TAMS 0x00000007c1b00000| PB 0x00000007c1b00000| Untracked 
|  28|0x00000007c1c00000, 0x00000007c1cff510, 0x00000007c1d00000| 99%| O|  |TAMS 0x00000007c1c00000| PB 0x00000007c1c00000| Untracked 
|  29|0x00000007c1d00000, 0x00000007c1dfffe8, 0x00000007c1e00000| 99%| O|  |TAMS 0x00000007c1d00000| PB 0x00000007c1d00000| Untracked 
|  30|0x00000007c1e00000, 0x00000007c1effff8, 0x00000007c1f00000| 99%| O|  |TAMS 0x00000007c1e00000| PB 0x00000007c1e00000| Untracked 
|  31|0x00000007c1f00000, 0x00000007c2000000, 0x00000007c2000000|100%| O|  |TAMS 0x00000007c1f00000| PB 0x00000007c1f00000| Untracked 
|  32|0x00000007c2000000, 0x00000007c20f9258, 0x00000007c2100000| 97%| O|  |TAMS 0x00000007c2000000| PB 0x00000007c2000000| Untracked 
|  33|0x00000007c2100000, 0x00000007c21f78f0, 0x00000007c2200000| 96%| O|  |TAMS 0x00000007c2100000| PB 0x00000007c2100000| Untracked 
|  34|0x00000007c2200000, 0x00000007c22ffff0, 0x00000007c2300000| 99%| O|  |TAMS 0x00000007c2200000| PB 0x00000007c2200000| Untracked 
|  35|0x00000007c2300000, 0x00000007c2400000, 0x00000007c2400000|100%| O|  |TAMS 0x00000007c2300000| PB 0x00000007c2300000| Untracked 
|  36|0x00000007c2400000, 0x00000007c24fdb08, 0x00000007c2500000| 99%| O|  |TAMS 0x00000007c2400000| PB 0x00000007c2400000| Untracked 
|  37|0x00000007c2500000, 0x00000007c25ffff0, 0x00000007c2600000| 99%| O|  |TAMS 0x00000007c2500000| PB 0x00000007c2500000| Untracked 
|  38|0x00000007c2600000, 0x00000007c26ffff0, 0x00000007c2700000| 99%| O|  |TAMS 0x00000007c2600000| PB 0x00000007c2600000| Untracked 
|  39|0x00000007c2700000, 0x00000007c27ffec8, 0x00000007c2800000| 99%| O|  |TAMS 0x00000007c2700000| PB 0x00000007c2700000| Untracked 
|  40|0x00000007c2800000, 0x00000007c2900000, 0x00000007c2900000|100%| O|  |TAMS 0x00000007c2800000| PB 0x00000007c2800000| Untracked 
|  41|0x00000007c2900000, 0x00000007c29fc3e0, 0x00000007c2a00000| 98%| O|  |TAMS 0x00000007c2900000| PB 0x00000007c2900000| Untracked 
|  42|0x00000007c2a00000, 0x00000007c2affa60, 0x00000007c2b00000| 99%| O|  |TAMS 0x00000007c2a00000| PB 0x00000007c2a00000| Untracked 
|  43|0x00000007c2b00000, 0x00000007c2bfff70, 0x00000007c2c00000| 99%| O|  |TAMS 0x00000007c2b00000| PB 0x00000007c2b00000| Untracked 
|  44|0x00000007c2c00000, 0x00000007c2cffff8, 0x00000007c2d00000| 99%| O|  |TAMS 0x00000007c2c00000| PB 0x00000007c2c00000| Untracked 
|  45|0x00000007c2d00000, 0x00000007c2dffff8, 0x00000007c2e00000| 99%| O|  |TAMS 0x00000007c2d00000| PB 0x00000007c2d00000| Untracked 
|  46|0x00000007c2e00000, 0x00000007c2ef5e80, 0x00000007c2f00000| 96%| O|  |TAMS 0x00000007c2e00000| PB 0x00000007c2e00000| Untracked 
|  47|0x00000007c2f00000, 0x00000007c2fffff8, 0x00000007c3000000| 99%| O|  |TAMS 0x00000007c2f00000| PB 0x00000007c2f00000| Untracked 
|  48|0x00000007c3000000, 0x00000007c3100000, 0x00000007c3100000|100%| O|  |TAMS 0x00000007c3000000| PB 0x00000007c3000000| Untracked 
|  49|0x00000007c3100000, 0x00000007c31ffff0, 0x00000007c3200000| 99%| O|  |TAMS 0x00000007c3100000| PB 0x00000007c3100000| Untracked 
|  50|0x00000007c3200000, 0x00000007c32fffe0, 0x00000007c3300000| 99%| O|  |TAMS 0x00000007c3200000| PB 0x00000007c3200000| Untracked 
|  51|0x00000007c3300000, 0x00000007c33ffff0, 0x00000007c3400000| 99%| O|  |TAMS 0x00000007c3300000| PB 0x00000007c3300000| Untracked 
|  52|0x00000007c3400000, 0x00000007c3500000, 0x00000007c3500000|100%| O|  |TAMS 0x00000007c3400000| PB 0x00000007c3400000| Untracked 
|  53|0x00000007c3500000, 0x00000007c35fffe8, 0x00000007c3600000| 99%| O|  |TAMS 0x00000007c3500000| PB 0x00000007c3500000| Untracked 
|  54|0x00000007c3600000, 0x00000007c36ffff0, 0x00000007c3700000| 99%| O|  |TAMS 0x00000007c3600000| PB 0x00000007c3600000| Untracked 
|  55|0x00000007c3700000, 0x00000007c37ffff8, 0x00000007c3800000| 99%| O|  |TAMS 0x00000007c3700000| PB 0x00000007c3700000| Untracked 
|  56|0x00000007c3800000, 0x00000007c38fffc8, 0x00000007c3900000| 99%| O|  |TAMS 0x00000007c3800000| PB 0x00000007c3800000| Untracked 
|  57|0x00000007c3900000, 0x00000007c3a00000, 0x00000007c3a00000|100%| O|  |TAMS 0x00000007c3900000| PB 0x00000007c3900000| Untracked 
|  58|0x00000007c3a00000, 0x00000007c3afffa0, 0x00000007c3b00000| 99%| O|  |TAMS 0x00000007c3a00000| PB 0x00000007c3a00000| Untracked 
|  59|0x00000007c3b00000, 0x00000007c3bffb58, 0x00000007c3c00000| 99%| O|  |TAMS 0x00000007c3b00000| PB 0x00000007c3b00000| Untracked 
|  60|0x00000007c3c00000, 0x00000007c3cffe00, 0x00000007c3d00000| 99%| O|  |TAMS 0x00000007c3c00000| PB 0x00000007c3c00000| Untracked 
|  61|0x00000007c3d00000, 0x00000007c3dffff0, 0x00000007c3e00000| 99%| O|  |TAMS 0x00000007c3d00000| PB 0x00000007c3d00000| Untracked 
|  62|0x00000007c3e00000, 0x00000007c3effff0, 0x00000007c3f00000| 99%| O|  |TAMS 0x00000007c3e00000| PB 0x00000007c3e00000| Untracked 
|  63|0x00000007c3f00000, 0x00000007c3fffff8, 0x00000007c4000000| 99%| O|  |TAMS 0x00000007c3f00000| PB 0x00000007c3f00000| Untracked 
|  64|0x00000007c4000000, 0x00000007c40ffff0, 0x00000007c4100000| 99%| O|  |TAMS 0x00000007c4000000| PB 0x00000007c4000000| Untracked 
|  65|0x00000007c4100000, 0x00000007c41ffff8, 0x00000007c4200000| 99%| O|  |TAMS 0x00000007c4100000| PB 0x00000007c4100000| Untracked 
|  66|0x00000007c4200000, 0x00000007c42fffa0, 0x00000007c4300000| 99%| O|  |TAMS 0x00000007c4200000| PB 0x00000007c4200000| Untracked 
|  67|0x00000007c4300000, 0x00000007c4400000, 0x00000007c4400000|100%| O|  |TAMS 0x00000007c4300000| PB 0x00000007c4300000| Untracked 
|  68|0x00000007c4400000, 0x00000007c44ffff8, 0x00000007c4500000| 99%| O|  |TAMS 0x00000007c4400000| PB 0x00000007c4400000| Untracked 
|  69|0x00000007c4500000, 0x00000007c45ffff0, 0x00000007c4600000| 99%| O|  |TAMS 0x00000007c4500000| PB 0x00000007c4500000| Untracked 
|  70|0x00000007c4600000, 0x00000007c4700000, 0x00000007c4700000|100%| O|  |TAMS 0x00000007c4600000| PB 0x00000007c4600000| Untracked 
|  71|0x00000007c4700000, 0x00000007c47fffc8, 0x00000007c4800000| 99%| O|  |TAMS 0x00000007c4700000| PB 0x00000007c4700000| Untracked 
|  72|0x00000007c4800000, 0x00000007c48ff2d8, 0x00000007c4900000| 99%| O|  |TAMS 0x00000007c4800000| PB 0x00000007c4800000| Untracked 
|  73|0x00000007c4900000, 0x00000007c49ff420, 0x00000007c4a00000| 99%| O|  |TAMS 0x00000007c4900000| PB 0x00000007c4900000| Untracked 
|  74|0x00000007c4a00000, 0x00000007c4af4b08, 0x00000007c4b00000| 95%| O|  |TAMS 0x00000007c4a00000| PB 0x00000007c4a00000| Untracked 
|  75|0x00000007c4b00000, 0x00000007c4c00000, 0x00000007c4c00000|100%| O|  |TAMS 0x00000007c4b00000| PB 0x00000007c4b00000| Untracked 
|  76|0x00000007c4c00000, 0x00000007c4cfeae8, 0x00000007c4d00000| 99%| O|  |TAMS 0x00000007c4c00000| PB 0x00000007c4c00000| Untracked 
|  77|0x00000007c4d00000, 0x00000007c4dfffe0, 0x00000007c4e00000| 99%| O|  |TAMS 0x00000007c4d00000| PB 0x00000007c4d00000| Untracked 
|  78|0x00000007c4e00000, 0x00000007c4effff0, 0x00000007c4f00000| 99%| O|  |TAMS 0x00000007c4e00000| PB 0x00000007c4e00000| Untracked 
|  79|0x00000007c4f00000, 0x00000007c4ffffe0, 0x00000007c5000000| 99%| O|  |TAMS 0x00000007c4f00000| PB 0x00000007c4f00000| Untracked 
|  80|0x00000007c5000000, 0x00000007c50ffff0, 0x00000007c5100000| 99%| O|  |TAMS 0x00000007c5000000| PB 0x00000007c5000000| Untracked 
|  81|0x00000007c5100000, 0x00000007c5200000, 0x00000007c5200000|100%| O|  |TAMS 0x00000007c5100000| PB 0x00000007c5100000| Untracked 
|  82|0x00000007c5200000, 0x00000007c52ffff0, 0x00000007c5300000| 99%| O|  |TAMS 0x00000007c5200000| PB 0x00000007c5200000| Untracked 
|  83|0x00000007c5300000, 0x00000007c53ffff8, 0x00000007c5400000| 99%| O|  |TAMS 0x00000007c5300000| PB 0x00000007c5300000| Untracked 
|  84|0x00000007c5400000, 0x00000007c54ffff0, 0x00000007c5500000| 99%| O|  |TAMS 0x00000007c5400000| PB 0x00000007c5400000| Untracked 
|  85|0x00000007c5500000, 0x00000007c55fffb8, 0x00000007c5600000| 99%| O|  |TAMS 0x00000007c5500000| PB 0x00000007c5500000| Untracked 
|  86|0x00000007c5600000, 0x00000007c5700000, 0x00000007c5700000|100%| O|  |TAMS 0x00000007c5600000| PB 0x00000007c5600000| Untracked 
|  87|0x00000007c5700000, 0x00000007c57ffff8, 0x00000007c5800000| 99%| O|  |TAMS 0x00000007c5700000| PB 0x00000007c5700000| Untracked 
|  88|0x00000007c5800000, 0x00000007c58fffe8, 0x00000007c5900000| 99%| O|  |TAMS 0x00000007c5800000| PB 0x00000007c5800000| Untracked 
|  89|0x00000007c5900000, 0x00000007c5a00000, 0x00000007c5a00000|100%| O|  |TAMS 0x00000007c5900000| PB 0x00000007c5900000| Untracked 
|  90|0x00000007c5a00000, 0x00000007c5b00000, 0x00000007c5b00000|100%| O|  |TAMS 0x00000007c5a00000| PB 0x00000007c5a00000| Untracked 
|  91|0x00000007c5b00000, 0x00000007c5bfffc0, 0x00000007c5c00000| 99%| O|  |TAMS 0x00000007c5b00000| PB 0x00000007c5b00000| Untracked 
|  92|0x00000007c5c00000, 0x00000007c5d00000, 0x00000007c5d00000|100%| O|  |TAMS 0x00000007c5c00000| PB 0x00000007c5c00000| Untracked 
|  93|0x00000007c5d00000, 0x00000007c5dffff0, 0x00000007c5e00000| 99%| O|  |TAMS 0x00000007c5d00000| PB 0x00000007c5d00000| Untracked 
|  94|0x00000007c5e00000, 0x00000007c5effff0, 0x00000007c5f00000| 99%| O|  |TAMS 0x00000007c5e00000| PB 0x00000007c5e00000| Untracked 
|  95|0x00000007c5f00000, 0x00000007c5ffffe8, 0x00000007c6000000| 99%| O|  |TAMS 0x00000007c5f00000| PB 0x00000007c5f00000| Untracked 
|  96|0x00000007c6000000, 0x00000007c60ffff8, 0x00000007c6100000| 99%| O|  |TAMS 0x00000007c6000000| PB 0x00000007c6000000| Untracked 
|  97|0x00000007c6100000, 0x00000007c61ffff0, 0x00000007c6200000| 99%| O|  |TAMS 0x00000007c6100000| PB 0x00000007c6100000| Untracked 
|  98|0x00000007c6200000, 0x00000007c62ffff0, 0x00000007c6300000| 99%| O|  |TAMS 0x00000007c6200000| PB 0x00000007c6200000| Untracked 
|  99|0x00000007c6300000, 0x00000007c63ffff8, 0x00000007c6400000| 99%| O|  |TAMS 0x00000007c6300000| PB 0x00000007c6300000| Untracked 
| 100|0x00000007c6400000, 0x00000007c64fffd8, 0x00000007c6500000| 99%| O|  |TAMS 0x00000007c6400000| PB 0x00000007c6400000| Untracked 
| 101|0x00000007c6500000, 0x00000007c65ffff0, 0x00000007c6600000| 99%| O|  |TAMS 0x00000007c6500000| PB 0x00000007c6500000| Untracked 
| 102|0x00000007c6600000, 0x00000007c6700000, 0x00000007c6700000|100%| O|  |TAMS 0x00000007c6600000| PB 0x00000007c6600000| Untracked 
| 103|0x00000007c6700000, 0x00000007c6800000, 0x00000007c6800000|100%| O|  |TAMS 0x00000007c6700000| PB 0x00000007c6700000| Untracked 
| 104|0x00000007c6800000, 0x00000007c68ffff0, 0x00000007c6900000| 99%| O|  |TAMS 0x00000007c6800000| PB 0x00000007c6800000| Untracked 
| 105|0x00000007c6900000, 0x00000007c69ffff0, 0x00000007c6a00000| 99%| O|  |TAMS 0x00000007c6900000| PB 0x00000007c6900000| Untracked 
| 106|0x00000007c6a00000, 0x00000007c6affff0, 0x00000007c6b00000| 99%| O|  |TAMS 0x00000007c6a00000| PB 0x00000007c6a00000| Untracked 
| 107|0x00000007c6b00000, 0x00000007c6c00000, 0x00000007c6c00000|100%| O|  |TAMS 0x00000007c6b00000| PB 0x00000007c6b00000| Untracked 
| 108|0x00000007c6c00000, 0x00000007c6d00000, 0x00000007c6d00000|100%| O|  |TAMS 0x00000007c6c00000| PB 0x00000007c6c00000| Untracked 
| 109|0x00000007c6d00000, 0x00000007c6dffff8, 0x00000007c6e00000| 99%| O|  |TAMS 0x00000007c6d00000| PB 0x00000007c6d00000| Untracked 
| 110|0x00000007c6e00000, 0x00000007c6f00000, 0x00000007c6f00000|100%| O|  |TAMS 0x00000007c6e00000| PB 0x00000007c6e00000| Untracked 
| 111|0x00000007c6f00000, 0x00000007c7000000, 0x00000007c7000000|100%| O|  |TAMS 0x00000007c6f00000| PB 0x00000007c6f00000| Untracked 
| 112|0x00000007c7000000, 0x00000007c70ffff0, 0x00000007c7100000| 99%| O|  |TAMS 0x00000007c7000000| PB 0x00000007c7000000| Untracked 
| 113|0x00000007c7100000, 0x00000007c7200000, 0x00000007c7200000|100%| O|  |TAMS 0x00000007c7100000| PB 0x00000007c7100000| Untracked 
| 114|0x00000007c7200000, 0x00000007c72ffff8, 0x00000007c7300000| 99%| O|  |TAMS 0x00000007c7200000| PB 0x00000007c7200000| Untracked 
| 115|0x00000007c7300000, 0x00000007c73ffff0, 0x00000007c7400000| 99%| O|  |TAMS 0x00000007c7300000| PB 0x00000007c7300000| Untracked 
| 116|0x00000007c7400000, 0x00000007c74ffff0, 0x00000007c7500000| 99%| O|  |TAMS 0x00000007c7400000| PB 0x00000007c7400000| Untracked 
| 117|0x00000007c7500000, 0x00000007c7600000, 0x00000007c7600000|100%| O|  |TAMS 0x00000007c7500000| PB 0x00000007c7500000| Untracked 
| 118|0x00000007c7600000, 0x00000007c76ffff0, 0x00000007c7700000| 99%| O|  |TAMS 0x00000007c7600000| PB 0x00000007c7600000| Untracked 
| 119|0x00000007c7700000, 0x00000007c77ffff0, 0x00000007c7800000| 99%| O|  |TAMS 0x00000007c7700000| PB 0x00000007c7700000| Untracked 
| 120|0x00000007c7800000, 0x00000007c78ffff0, 0x00000007c7900000| 99%| O|  |TAMS 0x00000007c7800000| PB 0x00000007c7800000| Untracked 
| 121|0x00000007c7900000, 0x00000007c79ffff0, 0x00000007c7a00000| 99%| O|  |TAMS 0x00000007c7900000| PB 0x00000007c7900000| Untracked 
| 122|0x00000007c7a00000, 0x00000007c7affff0, 0x00000007c7b00000| 99%| O|  |TAMS 0x00000007c7a00000| PB 0x00000007c7a00000| Untracked 
| 123|0x00000007c7b00000, 0x00000007c7bffff0, 0x00000007c7c00000| 99%| O|  |TAMS 0x00000007c7b00000| PB 0x00000007c7b00000| Untracked 
| 124|0x00000007c7c00000, 0x00000007c7cfffe0, 0x00000007c7d00000| 99%| O|  |TAMS 0x00000007c7c00000| PB 0x00000007c7c00000| Untracked 
| 125|0x00000007c7d00000, 0x00000007c7dffff0, 0x00000007c7e00000| 99%| O|  |TAMS 0x00000007c7d00000| PB 0x00000007c7d00000| Untracked 
| 126|0x00000007c7e00000, 0x00000007c7effff0, 0x00000007c7f00000| 99%| O|  |TAMS 0x00000007c7e00000| PB 0x00000007c7e00000| Untracked 
| 127|0x00000007c7f00000, 0x00000007c7fffff0, 0x00000007c8000000| 99%| O|  |TAMS 0x00000007c7f00000| PB 0x00000007c7f00000| Untracked 
| 128|0x00000007c8000000, 0x00000007c80ffff0, 0x00000007c8100000| 99%| O|  |TAMS 0x00000007c8000000| PB 0x00000007c8000000| Untracked 
| 129|0x00000007c8100000, 0x00000007c81ffff0, 0x00000007c8200000| 99%| O|  |TAMS 0x00000007c8100000| PB 0x00000007c8100000| Untracked 
| 130|0x00000007c8200000, 0x00000007c82ffff0, 0x00000007c8300000| 99%| O|  |TAMS 0x00000007c8200000| PB 0x00000007c8200000| Untracked 
| 131|0x00000007c8300000, 0x00000007c83ffff0, 0x00000007c8400000| 99%| O|  |TAMS 0x00000007c8300000| PB 0x00000007c8300000| Untracked 
| 132|0x00000007c8400000, 0x00000007c84ffff0, 0x00000007c8500000| 99%| O|  |TAMS 0x00000007c8400000| PB 0x00000007c8400000| Untracked 
| 133|0x00000007c8500000, 0x00000007c85ffff0, 0x00000007c8600000| 99%| O|  |TAMS 0x00000007c8500000| PB 0x00000007c8500000| Untracked 
| 134|0x00000007c8600000, 0x00000007c86ffff8, 0x00000007c8700000| 99%| O|  |TAMS 0x00000007c8600000| PB 0x00000007c8600000| Untracked 
| 135|0x00000007c8700000, 0x00000007c87ffff0, 0x00000007c8800000| 99%| O|  |TAMS 0x00000007c8700000| PB 0x00000007c8700000| Untracked 
| 136|0x00000007c8800000, 0x00000007c88ffff0, 0x00000007c8900000| 99%| O|  |TAMS 0x00000007c8800000| PB 0x00000007c8800000| Untracked 
| 137|0x00000007c8900000, 0x00000007c89ffff0, 0x00000007c8a00000| 99%| O|  |TAMS 0x00000007c8900000| PB 0x00000007c8900000| Untracked 
| 138|0x00000007c8a00000, 0x00000007c8affff0, 0x00000007c8b00000| 99%| O|  |TAMS 0x00000007c8a00000| PB 0x00000007c8a00000| Untracked 
| 139|0x00000007c8b00000, 0x00000007c8bffff0, 0x00000007c8c00000| 99%| O|  |TAMS 0x00000007c8b00000| PB 0x00000007c8b00000| Untracked 
| 140|0x00000007c8c00000, 0x00000007c8cffff0, 0x00000007c8d00000| 99%| O|  |TAMS 0x00000007c8c00000| PB 0x00000007c8c00000| Untracked 
| 141|0x00000007c8d00000, 0x00000007c8dffff0, 0x00000007c8e00000| 99%| O|  |TAMS 0x00000007c8d00000| PB 0x00000007c8d00000| Untracked 
| 142|0x00000007c8e00000, 0x00000007c8f00000, 0x00000007c8f00000|100%| O|  |TAMS 0x00000007c8e00000| PB 0x00000007c8e00000| Untracked 
| 143|0x00000007c8f00000, 0x00000007c8fffff0, 0x00000007c9000000| 99%| O|  |TAMS 0x00000007c8f00000| PB 0x00000007c8f00000| Untracked 
| 144|0x00000007c9000000, 0x00000007c90ffff0, 0x00000007c9100000| 99%| O|  |TAMS 0x00000007c9000000| PB 0x00000007c9000000| Untracked 
| 145|0x00000007c9100000, 0x00000007c91ffff0, 0x00000007c9200000| 99%| O|  |TAMS 0x00000007c9100000| PB 0x00000007c9100000| Untracked 
| 146|0x00000007c9200000, 0x00000007c92ffff8, 0x00000007c9300000| 99%| O|  |TAMS 0x00000007c9200000| PB 0x00000007c9200000| Untracked 
| 147|0x00000007c9300000, 0x00000007c93ffff0, 0x00000007c9400000| 99%| O|  |TAMS 0x00000007c9300000| PB 0x00000007c9300000| Untracked 
| 148|0x00000007c9400000, 0x00000007c94fffe0, 0x00000007c9500000| 99%| O|  |TAMS 0x00000007c9400000| PB 0x00000007c9400000| Untracked 
| 149|0x00000007c9500000, 0x00000007c95ffff0, 0x00000007c9600000| 99%| O|  |TAMS 0x00000007c9500000| PB 0x00000007c9500000| Untracked 
| 150|0x00000007c9600000, 0x00000007c96ffff8, 0x00000007c9700000| 99%| O|  |TAMS 0x00000007c9600000| PB 0x00000007c9600000| Untracked 
| 151|0x00000007c9700000, 0x00000007c97ffff0, 0x00000007c9800000| 99%| O|  |TAMS 0x00000007c9700000| PB 0x00000007c9700000| Untracked 
| 152|0x00000007c9800000, 0x00000007c9900000, 0x00000007c9900000|100%| O|  |TAMS 0x00000007c9800000| PB 0x00000007c9800000| Untracked 
| 153|0x00000007c9900000, 0x00000007c99ffff0, 0x00000007c9a00000| 99%| O|  |TAMS 0x00000007c9900000| PB 0x00000007c9900000| Untracked 
| 154|0x00000007c9a00000, 0x00000007c9affff0, 0x00000007c9b00000| 99%| O|  |TAMS 0x00000007c9a00000| PB 0x00000007c9a00000| Untracked 
| 155|0x00000007c9b00000, 0x00000007c9bffff0, 0x00000007c9c00000| 99%| O|  |TAMS 0x00000007c9b00000| PB 0x00000007c9b00000| Untracked 
| 156|0x00000007c9c00000, 0x00000007c9cffff0, 0x00000007c9d00000| 99%| O|  |TAMS 0x00000007c9c00000| PB 0x00000007c9c00000| Untracked 
| 157|0x00000007c9d00000, 0x00000007c9dffff0, 0x00000007c9e00000| 99%| O|  |TAMS 0x00000007c9d00000| PB 0x00000007c9d00000| Untracked 
| 158|0x00000007c9e00000, 0x00000007c9f00000, 0x00000007c9f00000|100%| O|  |TAMS 0x00000007c9e00000| PB 0x00000007c9e00000| Untracked 
| 159|0x00000007c9f00000, 0x00000007c9fffff0, 0x00000007ca000000| 99%| O|  |TAMS 0x00000007c9f00000| PB 0x00000007c9f00000| Untracked 
| 160|0x00000007ca000000, 0x00000007ca0ffff8, 0x00000007ca100000| 99%| O|  |TAMS 0x00000007ca000000| PB 0x00000007ca000000| Untracked 
| 161|0x00000007ca100000, 0x00000007ca1ffff8, 0x00000007ca200000| 99%| O|  |TAMS 0x00000007ca100000| PB 0x00000007ca100000| Untracked 
| 162|0x00000007ca200000, 0x00000007ca300000, 0x00000007ca300000|100%|HS|  |TAMS 0x00000007ca200000| PB 0x00000007ca200000| Untracked 
| 163|0x00000007ca300000, 0x00000007ca400000, 0x00000007ca400000|100%|HS|  |TAMS 0x00000007ca300000| PB 0x00000007ca300000| Untracked 
| 164|0x00000007ca400000, 0x00000007ca4ffff0, 0x00000007ca500000| 99%| O|  |TAMS 0x00000007ca400000| PB 0x00000007ca400000| Untracked 
| 165|0x00000007ca500000, 0x00000007ca5ffff0, 0x00000007ca600000| 99%| O|  |TAMS 0x00000007ca500000| PB 0x00000007ca500000| Untracked 
| 166|0x00000007ca600000, 0x00000007ca6fffd8, 0x00000007ca700000| 99%| O|  |TAMS 0x00000007ca600000| PB 0x00000007ca600000| Untracked 
| 167|0x00000007ca700000, 0x00000007ca7ffff0, 0x00000007ca800000| 99%| O|  |TAMS 0x00000007ca700000| PB 0x00000007ca700000| Untracked 
| 168|0x00000007ca800000, 0x00000007ca8ffff0, 0x00000007ca900000| 99%| O|  |TAMS 0x00000007ca800000| PB 0x00000007ca800000| Untracked 
| 169|0x00000007ca900000, 0x00000007ca9ffff0, 0x00000007caa00000| 99%| O|  |TAMS 0x00000007ca900000| PB 0x00000007ca900000| Untracked 
| 170|0x00000007caa00000, 0x00000007caaffff0, 0x00000007cab00000| 99%| O|  |TAMS 0x00000007caa00000| PB 0x00000007caa00000| Untracked 
| 171|0x00000007cab00000, 0x00000007cabffff0, 0x00000007cac00000| 99%| O|  |TAMS 0x00000007cab00000| PB 0x00000007cab00000| Untracked 
| 172|0x00000007cac00000, 0x00000007cacffff0, 0x00000007cad00000| 99%| O|  |TAMS 0x00000007cac00000| PB 0x00000007cac00000| Untracked 
| 173|0x00000007cad00000, 0x00000007cae00000, 0x00000007cae00000|100%| O|  |TAMS 0x00000007cad00000| PB 0x00000007cad00000| Untracked 
| 174|0x00000007cae00000, 0x00000007caeffff0, 0x00000007caf00000| 99%| O|  |TAMS 0x00000007cae00000| PB 0x00000007cae00000| Untracked 
| 175|0x00000007caf00000, 0x00000007cafffff0, 0x00000007cb000000| 99%| O|  |TAMS 0x00000007caf00000| PB 0x00000007caf00000| Untracked 
| 176|0x00000007cb000000, 0x00000007cb0ffff8, 0x00000007cb100000| 99%| O|  |TAMS 0x00000007cb000000| PB 0x00000007cb000000| Untracked 
| 177|0x00000007cb100000, 0x00000007cb1ffff0, 0x00000007cb200000| 99%| O|  |TAMS 0x00000007cb100000| PB 0x00000007cb100000| Untracked 
| 178|0x00000007cb200000, 0x00000007cb2ffff0, 0x00000007cb300000| 99%| O|  |TAMS 0x00000007cb200000| PB 0x00000007cb200000| Untracked 
| 179|0x00000007cb300000, 0x00000007cb3ffff0, 0x00000007cb400000| 99%| O|  |TAMS 0x00000007cb300000| PB 0x00000007cb300000| Untracked 
| 180|0x00000007cb400000, 0x00000007cb4ffff0, 0x00000007cb500000| 99%| O|  |TAMS 0x00000007cb400000| PB 0x00000007cb400000| Untracked 
| 181|0x00000007cb500000, 0x00000007cb5ffff0, 0x00000007cb600000| 99%| O|  |TAMS 0x00000007cb500000| PB 0x00000007cb500000| Untracked 
| 182|0x00000007cb600000, 0x00000007cb6ffff0, 0x00000007cb700000| 99%| O|  |TAMS 0x00000007cb600000| PB 0x00000007cb600000| Untracked 
| 183|0x00000007cb700000, 0x00000007cb7ffff0, 0x00000007cb800000| 99%| O|  |TAMS 0x00000007cb700000| PB 0x00000007cb700000| Untracked 
| 184|0x00000007cb800000, 0x00000007cb8ffff0, 0x00000007cb900000| 99%| O|  |TAMS 0x00000007cb800000| PB 0x00000007cb800000| Untracked 
| 185|0x00000007cb900000, 0x00000007cb9ffff0, 0x00000007cba00000| 99%| O|  |TAMS 0x00000007cb900000| PB 0x00000007cb900000| Untracked 
| 186|0x00000007cba00000, 0x00000007cbaffff0, 0x00000007cbb00000| 99%| O|  |TAMS 0x00000007cba00000| PB 0x00000007cba00000| Untracked 
| 187|0x00000007cbb00000, 0x00000007cbbffff0, 0x00000007cbc00000| 99%| O|  |TAMS 0x00000007cbb00000| PB 0x00000007cbb00000| Untracked 
| 188|0x00000007cbc00000, 0x00000007cbcffff0, 0x00000007cbd00000| 99%| O|  |TAMS 0x00000007cbc00000| PB 0x00000007cbc00000| Untracked 
| 189|0x00000007cbd00000, 0x00000007cbdffff0, 0x00000007cbe00000| 99%| O|  |TAMS 0x00000007cbd00000| PB 0x00000007cbd00000| Untracked 
| 190|0x00000007cbe00000, 0x00000007cbeffff0, 0x00000007cbf00000| 99%| O|  |TAMS 0x00000007cbe00000| PB 0x00000007cbe00000| Untracked 
| 191|0x00000007cbf00000, 0x00000007cbfffff0, 0x00000007cc000000| 99%| O|  |TAMS 0x00000007cbf00000| PB 0x00000007cbf00000| Untracked 
| 192|0x00000007cc000000, 0x00000007cc0ffff0, 0x00000007cc100000| 99%| O|  |TAMS 0x00000007cc000000| PB 0x00000007cc000000| Untracked 
| 193|0x00000007cc100000, 0x00000007cc1ffff0, 0x00000007cc200000| 99%| O|  |TAMS 0x00000007cc100000| PB 0x00000007cc100000| Untracked 
| 194|0x00000007cc200000, 0x00000007cc2ffff0, 0x00000007cc300000| 99%| O|  |TAMS 0x00000007cc200000| PB 0x00000007cc200000| Untracked 
| 195|0x00000007cc300000, 0x00000007cc400000, 0x00000007cc400000|100%| O|  |TAMS 0x00000007cc300000| PB 0x00000007cc300000| Untracked 
| 196|0x00000007cc400000, 0x00000007cc4ffff0, 0x00000007cc500000| 99%| O|  |TAMS 0x00000007cc400000| PB 0x00000007cc400000| Untracked 
| 197|0x00000007cc500000, 0x00000007cc5ffff0, 0x00000007cc600000| 99%| O|  |TAMS 0x00000007cc500000| PB 0x00000007cc500000| Untracked 
| 198|0x00000007cc600000, 0x00000007cc6ffff0, 0x00000007cc700000| 99%| O|  |TAMS 0x00000007cc600000| PB 0x00000007cc600000| Untracked 
| 199|0x00000007cc700000, 0x00000007cc7ffff8, 0x00000007cc800000| 99%| O|  |TAMS 0x00000007cc700000| PB 0x00000007cc700000| Untracked 
| 200|0x00000007cc800000, 0x00000007cc8ffff0, 0x00000007cc900000| 99%| O|  |TAMS 0x00000007cc800000| PB 0x00000007cc800000| Untracked 
| 201|0x00000007cc900000, 0x00000007cc9ffff0, 0x00000007cca00000| 99%| O|  |TAMS 0x00000007cc900000| PB 0x00000007cc900000| Untracked 
| 202|0x00000007cca00000, 0x00000007ccaffff0, 0x00000007ccb00000| 99%| O|  |TAMS 0x00000007cca00000| PB 0x00000007cca00000| Untracked 
| 203|0x00000007ccb00000, 0x00000007ccbffff0, 0x00000007ccc00000| 99%| O|  |TAMS 0x00000007ccb00000| PB 0x00000007ccb00000| Untracked 
| 204|0x00000007ccc00000, 0x00000007cccffff0, 0x00000007ccd00000| 99%| O|  |TAMS 0x00000007ccc00000| PB 0x00000007ccc00000| Untracked 
| 205|0x00000007ccd00000, 0x00000007ccdffff0, 0x00000007cce00000| 99%| O|  |TAMS 0x00000007ccd00000| PB 0x00000007ccd00000| Untracked 
| 206|0x00000007cce00000, 0x00000007ccf00000, 0x00000007ccf00000|100%| O|  |TAMS 0x00000007cce00000| PB 0x00000007cce00000| Untracked 
| 207|0x00000007ccf00000, 0x00000007ccfffff0, 0x00000007cd000000| 99%| O|  |TAMS 0x00000007ccf00000| PB 0x00000007ccf00000| Untracked 
| 208|0x00000007cd000000, 0x00000007cd0ffff0, 0x00000007cd100000| 99%| O|  |TAMS 0x00000007cd000000| PB 0x00000007cd000000| Untracked 
| 209|0x00000007cd100000, 0x00000007cd1ffff0, 0x00000007cd200000| 99%| O|  |TAMS 0x00000007cd100000| PB 0x00000007cd100000| Untracked 
| 210|0x00000007cd200000, 0x00000007cd300000, 0x00000007cd300000|100%| O|  |TAMS 0x00000007cd200000| PB 0x00000007cd200000| Untracked 
| 211|0x00000007cd300000, 0x00000007cd3ffff0, 0x00000007cd400000| 99%| O|  |TAMS 0x00000007cd300000| PB 0x00000007cd300000| Untracked 
| 212|0x00000007cd400000, 0x00000007cd4ffff0, 0x00000007cd500000| 99%| O|  |TAMS 0x00000007cd400000| PB 0x00000007cd400000| Untracked 
| 213|0x00000007cd500000, 0x00000007cd5ffff0, 0x00000007cd600000| 99%| O|  |TAMS 0x00000007cd500000| PB 0x00000007cd500000| Untracked 
| 214|0x00000007cd600000, 0x00000007cd6ffff0, 0x00000007cd700000| 99%| O|  |TAMS 0x00000007cd600000| PB 0x00000007cd600000| Untracked 
| 215|0x00000007cd700000, 0x00000007cd7ffff0, 0x00000007cd800000| 99%| O|  |TAMS 0x00000007cd700000| PB 0x00000007cd700000| Untracked 
| 216|0x00000007cd800000, 0x00000007cd8ffff0, 0x00000007cd900000| 99%| O|  |TAMS 0x00000007cd800000| PB 0x00000007cd800000| Untracked 
| 217|0x00000007cd900000, 0x00000007cd9ffff0, 0x00000007cda00000| 99%| O|  |TAMS 0x00000007cd900000| PB 0x00000007cd900000| Untracked 
| 218|0x00000007cda00000, 0x00000007cdaffff0, 0x00000007cdb00000| 99%| O|  |TAMS 0x00000007cda00000| PB 0x00000007cda00000| Untracked 
| 219|0x00000007cdb00000, 0x00000007cdbffff0, 0x00000007cdc00000| 99%| O|  |TAMS 0x00000007cdb00000| PB 0x00000007cdb00000| Untracked 
| 220|0x00000007cdc00000, 0x00000007cdcffff8, 0x00000007cdd00000| 99%| O|  |TAMS 0x00000007cdc00000| PB 0x00000007cdc00000| Untracked 
| 221|0x00000007cdd00000, 0x00000007cddffff0, 0x00000007cde00000| 99%| O|  |TAMS 0x00000007cdd00000| PB 0x00000007cdd00000| Untracked 
| 222|0x00000007cde00000, 0x00000007cdeffff0, 0x00000007cdf00000| 99%| O|  |TAMS 0x00000007cde00000| PB 0x00000007cde00000| Untracked 
| 223|0x00000007cdf00000, 0x00000007cdfffff0, 0x00000007ce000000| 99%| O|  |TAMS 0x00000007cdf00000| PB 0x00000007cdf00000| Untracked 
| 224|0x00000007ce000000, 0x00000007ce0ffff0, 0x00000007ce100000| 99%| O|  |TAMS 0x00000007ce000000| PB 0x00000007ce000000| Untracked 
| 225|0x00000007ce100000, 0x00000007ce1ffff0, 0x00000007ce200000| 99%| O|  |TAMS 0x00000007ce100000| PB 0x00000007ce100000| Untracked 
| 226|0x00000007ce200000, 0x00000007ce300000, 0x00000007ce300000|100%| O|  |TAMS 0x00000007ce200000| PB 0x00000007ce200000| Untracked 
| 227|0x00000007ce300000, 0x00000007ce3ffff0, 0x00000007ce400000| 99%| O|  |TAMS 0x00000007ce300000| PB 0x00000007ce300000| Untracked 
| 228|0x00000007ce400000, 0x00000007ce4ffff0, 0x00000007ce500000| 99%| O|  |TAMS 0x00000007ce400000| PB 0x00000007ce400000| Untracked 
| 229|0x00000007ce500000, 0x00000007ce5ffff0, 0x00000007ce600000| 99%| O|  |TAMS 0x00000007ce500000| PB 0x00000007ce500000| Untracked 
| 230|0x00000007ce600000, 0x00000007ce6ffff0, 0x00000007ce700000| 99%| O|  |TAMS 0x00000007ce600000| PB 0x00000007ce600000| Untracked 
| 231|0x00000007ce700000, 0x00000007ce7ffff0, 0x00000007ce800000| 99%| O|  |TAMS 0x00000007ce700000| PB 0x00000007ce700000| Untracked 
| 232|0x00000007ce800000, 0x00000007ce8ffff0, 0x00000007ce900000| 99%| O|  |TAMS 0x00000007ce800000| PB 0x00000007ce800000| Untracked 
| 233|0x00000007ce900000, 0x00000007ce9ffff0, 0x00000007cea00000| 99%| O|  |TAMS 0x00000007ce900000| PB 0x00000007ce900000| Untracked 
| 234|0x00000007cea00000, 0x00000007ceaffff0, 0x00000007ceb00000| 99%| O|  |TAMS 0x00000007cea00000| PB 0x00000007cea00000| Untracked 
| 235|0x00000007ceb00000, 0x00000007cebffff0, 0x00000007cec00000| 99%| O|  |TAMS 0x00000007ceb00000| PB 0x00000007ceb00000| Untracked 
| 236|0x00000007cec00000, 0x00000007cecffff0, 0x00000007ced00000| 99%| O|  |TAMS 0x00000007cec00000| PB 0x00000007cec00000| Untracked 
| 237|0x00000007ced00000, 0x00000007cedffff0, 0x00000007cee00000| 99%| O|  |TAMS 0x00000007ced00000| PB 0x00000007ced00000| Untracked 
| 238|0x00000007cee00000, 0x00000007ceeffff0, 0x00000007cef00000| 99%| O|  |TAMS 0x00000007cee00000| PB 0x00000007cee00000| Untracked 
| 239|0x00000007cef00000, 0x00000007cefffff0, 0x00000007cf000000| 99%| O|  |TAMS 0x00000007cef00000| PB 0x00000007cef00000| Untracked 
| 240|0x00000007cf000000, 0x00000007cf0ffff0, 0x00000007cf100000| 99%| O|  |TAMS 0x00000007cf000000| PB 0x00000007cf000000| Untracked 
| 241|0x00000007cf100000, 0x00000007cf1ffff0, 0x00000007cf200000| 99%| O|  |TAMS 0x00000007cf100000| PB 0x00000007cf100000| Untracked 
| 242|0x00000007cf200000, 0x00000007cf2ffff0, 0x00000007cf300000| 99%| O|  |TAMS 0x00000007cf200000| PB 0x00000007cf200000| Untracked 
| 243|0x00000007cf300000, 0x00000007cf3ffff0, 0x00000007cf400000| 99%| O|  |TAMS 0x00000007cf300000| PB 0x00000007cf300000| Untracked 
| 244|0x00000007cf400000, 0x00000007cf4ffff0, 0x00000007cf500000| 99%| O|  |TAMS 0x00000007cf400000| PB 0x00000007cf400000| Untracked 
| 245|0x00000007cf500000, 0x00000007cf5ffff0, 0x00000007cf600000| 99%| O|  |TAMS 0x00000007cf500000| PB 0x00000007cf500000| Untracked 
| 246|0x00000007cf600000, 0x00000007cf6ffff0, 0x00000007cf700000| 99%| O|  |TAMS 0x00000007cf600000| PB 0x00000007cf600000| Untracked 
| 247|0x00000007cf700000, 0x00000007cf7ffff0, 0x00000007cf800000| 99%| O|  |TAMS 0x00000007cf700000| PB 0x00000007cf700000| Untracked 
| 248|0x00000007cf800000, 0x00000007cf8ffff0, 0x00000007cf900000| 99%| O|  |TAMS 0x00000007cf800000| PB 0x00000007cf800000| Untracked 
| 249|0x00000007cf900000, 0x00000007cf9ffff0, 0x00000007cfa00000| 99%| O|  |TAMS 0x00000007cf900000| PB 0x00000007cf900000| Untracked 
| 250|0x00000007cfa00000, 0x00000007cfaffff0, 0x00000007cfb00000| 99%| O|  |TAMS 0x00000007cfa00000| PB 0x00000007cfa00000| Untracked 
| 251|0x00000007cfb00000, 0x00000007cfbffff0, 0x00000007cfc00000| 99%| O|  |TAMS 0x00000007cfb00000| PB 0x00000007cfb00000| Untracked 
| 252|0x00000007cfc00000, 0x00000007cfcffff0, 0x00000007cfd00000| 99%| O|  |TAMS 0x00000007cfc00000| PB 0x00000007cfc00000| Untracked 
| 253|0x00000007cfd00000, 0x00000007cfdffff0, 0x00000007cfe00000| 99%| O|  |TAMS 0x00000007cfd00000| PB 0x00000007cfd00000| Untracked 
| 254|0x00000007cfe00000, 0x00000007cfeffff0, 0x00000007cff00000| 99%| O|  |TAMS 0x00000007cfe00000| PB 0x00000007cfe00000| Untracked 
| 255|0x00000007cff00000, 0x00000007cffffff0, 0x00000007d0000000| 99%| O|  |TAMS 0x00000007cff00000| PB 0x00000007cff00000| Untracked 
| 256|0x00000007d0000000, 0x00000007d00ffff0, 0x00000007d0100000| 99%| O|  |TAMS 0x00000007d0000000| PB 0x00000007d0000000| Untracked 
| 257|0x00000007d0100000, 0x00000007d01ffff0, 0x00000007d0200000| 99%| O|  |TAMS 0x00000007d0100000| PB 0x00000007d0100000| Untracked 
| 258|0x00000007d0200000, 0x00000007d02ffff0, 0x00000007d0300000| 99%| O|  |TAMS 0x00000007d0200000| PB 0x00000007d0200000| Untracked 
| 259|0x00000007d0300000, 0x00000007d03ffff0, 0x00000007d0400000| 99%| O|  |TAMS 0x00000007d0300000| PB 0x00000007d0300000| Untracked 
| 260|0x00000007d0400000, 0x00000007d04ffff0, 0x00000007d0500000| 99%| O|  |TAMS 0x00000007d0400000| PB 0x00000007d0400000| Untracked 
| 261|0x00000007d0500000, 0x00000007d05ffff0, 0x00000007d0600000| 99%| O|  |TAMS 0x00000007d0500000| PB 0x00000007d0500000| Untracked 
| 262|0x00000007d0600000, 0x00000007d06ffff0, 0x00000007d0700000| 99%| O|  |TAMS 0x00000007d0600000| PB 0x00000007d0600000| Untracked 
| 263|0x00000007d0700000, 0x00000007d07ffff0, 0x00000007d0800000| 99%| O|  |TAMS 0x00000007d0700000| PB 0x00000007d0700000| Untracked 
| 264|0x00000007d0800000, 0x00000007d08ffff0, 0x00000007d0900000| 99%| O|  |TAMS 0x00000007d0800000| PB 0x00000007d0800000| Untracked 
| 265|0x00000007d0900000, 0x00000007d09ffff0, 0x00000007d0a00000| 99%| O|  |TAMS 0x00000007d0900000| PB 0x00000007d0900000| Untracked 
| 266|0x00000007d0a00000, 0x00000007d0affff0, 0x00000007d0b00000| 99%| O|  |TAMS 0x00000007d0a00000| PB 0x00000007d0a00000| Untracked 
| 267|0x00000007d0b00000, 0x00000007d0bffff0, 0x00000007d0c00000| 99%| O|  |TAMS 0x00000007d0b00000| PB 0x00000007d0b00000| Untracked 
| 268|0x00000007d0c00000, 0x00000007d0cffff0, 0x00000007d0d00000| 99%| O|  |TAMS 0x00000007d0c00000| PB 0x00000007d0c00000| Untracked 
| 269|0x00000007d0d00000, 0x00000007d0dffff0, 0x00000007d0e00000| 99%| O|  |TAMS 0x00000007d0d00000| PB 0x00000007d0d00000| Untracked 
| 270|0x00000007d0e00000, 0x00000007d0effff0, 0x00000007d0f00000| 99%| O|  |TAMS 0x00000007d0e00000| PB 0x00000007d0e00000| Untracked 
| 271|0x00000007d0f00000, 0x00000007d0fffff0, 0x00000007d1000000| 99%| O|  |TAMS 0x00000007d0f00000| PB 0x00000007d0f00000| Untracked 
| 272|0x00000007d1000000, 0x00000007d1100000, 0x00000007d1100000|100%| O|  |TAMS 0x00000007d1000000| PB 0x00000007d1000000| Untracked 
| 273|0x00000007d1100000, 0x00000007d11ffff0, 0x00000007d1200000| 99%| O|  |TAMS 0x00000007d1100000| PB 0x00000007d1100000| Untracked 
| 274|0x00000007d1200000, 0x00000007d12ffff0, 0x00000007d1300000| 99%| O|  |TAMS 0x00000007d1200000| PB 0x00000007d1200000| Untracked 
| 275|0x00000007d1300000, 0x00000007d13ffff0, 0x00000007d1400000| 99%| O|  |TAMS 0x00000007d1300000| PB 0x00000007d1300000| Untracked 
| 276|0x00000007d1400000, 0x00000007d14ffff0, 0x00000007d1500000| 99%| O|  |TAMS 0x00000007d1400000| PB 0x00000007d1400000| Untracked 
| 277|0x00000007d1500000, 0x00000007d15fd140, 0x00000007d1600000| 98%| O|  |TAMS 0x00000007d1500000| PB 0x00000007d1500000| Untracked 
| 278|0x00000007d1600000, 0x00000007d16ffff0, 0x00000007d1700000| 99%| O|  |TAMS 0x00000007d1600000| PB 0x00000007d1600000| Untracked 
| 279|0x00000007d1700000, 0x00000007d17ffff0, 0x00000007d1800000| 99%| O|  |TAMS 0x00000007d1700000| PB 0x00000007d1700000| Untracked 
| 280|0x00000007d1800000, 0x00000007d18ffff0, 0x00000007d1900000| 99%| O|  |TAMS 0x00000007d1800000| PB 0x00000007d1800000| Untracked 
| 281|0x00000007d1900000, 0x00000007d19ffff0, 0x00000007d1a00000| 99%| O|  |TAMS 0x00000007d1900000| PB 0x00000007d1900000| Untracked 
| 282|0x00000007d1a00000, 0x00000007d1affff0, 0x00000007d1b00000| 99%| O|  |TAMS 0x00000007d1a00000| PB 0x00000007d1a00000| Untracked 
| 283|0x00000007d1b00000, 0x00000007d1bffff0, 0x00000007d1c00000| 99%| O|  |TAMS 0x00000007d1b00000| PB 0x00000007d1b00000| Untracked 
| 284|0x00000007d1c00000, 0x00000007d1cffff8, 0x00000007d1d00000| 99%| O|  |TAMS 0x00000007d1c00000| PB 0x00000007d1c00000| Untracked 
| 285|0x00000007d1d00000, 0x00000007d1dffff0, 0x00000007d1e00000| 99%| O|  |TAMS 0x00000007d1d00000| PB 0x00000007d1d00000| Untracked 
| 286|0x00000007d1e00000, 0x00000007d1f00000, 0x00000007d1f00000|100%| O|  |TAMS 0x00000007d1e00000| PB 0x00000007d1e00000| Untracked 
| 287|0x00000007d1f00000, 0x00000007d1fffff0, 0x00000007d2000000| 99%| O|  |TAMS 0x00000007d1f00000| PB 0x00000007d1f00000| Untracked 
| 288|0x00000007d2000000, 0x00000007d20ffff0, 0x00000007d2100000| 99%| O|  |TAMS 0x00000007d2000000| PB 0x00000007d2000000| Untracked 
| 289|0x00000007d2100000, 0x00000007d21ffff0, 0x00000007d2200000| 99%| O|  |TAMS 0x00000007d2100000| PB 0x00000007d2100000| Untracked 
| 290|0x00000007d2200000, 0x00000007d22ffff0, 0x00000007d2300000| 99%| O|  |TAMS 0x00000007d2200000| PB 0x00000007d2200000| Untracked 
| 291|0x00000007d2300000, 0x00000007d23ffff0, 0x00000007d2400000| 99%| O|  |TAMS 0x00000007d2300000| PB 0x00000007d2300000| Untracked 
| 292|0x00000007d2400000, 0x00000007d24ffff0, 0x00000007d2500000| 99%| O|  |TAMS 0x00000007d2400000| PB 0x00000007d2400000| Untracked 
| 293|0x00000007d2500000, 0x00000007d25ffff0, 0x00000007d2600000| 99%| O|  |TAMS 0x00000007d2500000| PB 0x00000007d2500000| Untracked 
| 294|0x00000007d2600000, 0x00000007d26ffff0, 0x00000007d2700000| 99%| O|  |TAMS 0x00000007d2600000| PB 0x00000007d2600000| Untracked 
| 295|0x00000007d2700000, 0x00000007d27ffff0, 0x00000007d2800000| 99%| O|  |TAMS 0x00000007d2700000| PB 0x00000007d2700000| Untracked 
| 296|0x00000007d2800000, 0x00000007d28ffff0, 0x00000007d2900000| 99%| O|  |TAMS 0x00000007d2800000| PB 0x00000007d2800000| Untracked 
| 297|0x00000007d2900000, 0x00000007d29ffff0, 0x00000007d2a00000| 99%| O|  |TAMS 0x00000007d2900000| PB 0x00000007d2900000| Untracked 
| 298|0x00000007d2a00000, 0x00000007d2affff0, 0x00000007d2b00000| 99%| O|  |TAMS 0x00000007d2a00000| PB 0x00000007d2a00000| Untracked 
| 299|0x00000007d2b00000, 0x00000007d2bffff0, 0x00000007d2c00000| 99%| O|  |TAMS 0x00000007d2b00000| PB 0x00000007d2b00000| Untracked 
| 300|0x00000007d2c00000, 0x00000007d2cffff0, 0x00000007d2d00000| 99%| O|  |TAMS 0x00000007d2c00000| PB 0x00000007d2c00000| Untracked 
| 301|0x00000007d2d00000, 0x00000007d2dffff0, 0x00000007d2e00000| 99%| O|  |TAMS 0x00000007d2d00000| PB 0x00000007d2d00000| Untracked 
| 302|0x00000007d2e00000, 0x00000007d2effff0, 0x00000007d2f00000| 99%| O|  |TAMS 0x00000007d2e00000| PB 0x00000007d2e00000| Untracked 
| 303|0x00000007d2f00000, 0x00000007d2fffff0, 0x00000007d3000000| 99%| O|  |TAMS 0x00000007d2f00000| PB 0x00000007d2f00000| Untracked 
| 304|0x00000007d3000000, 0x00000007d30ffff0, 0x00000007d3100000| 99%| O|  |TAMS 0x00000007d3000000| PB 0x00000007d3000000| Untracked 
| 305|0x00000007d3100000, 0x00000007d31ffff0, 0x00000007d3200000| 99%| O|  |TAMS 0x00000007d3100000| PB 0x00000007d3100000| Untracked 
| 306|0x00000007d3200000, 0x00000007d32ffff0, 0x00000007d3300000| 99%| O|  |TAMS 0x00000007d3200000| PB 0x00000007d3200000| Untracked 
| 307|0x00000007d3300000, 0x00000007d33ffff0, 0x00000007d3400000| 99%| O|  |TAMS 0x00000007d3300000| PB 0x00000007d3300000| Untracked 
| 308|0x00000007d3400000, 0x00000007d34ffff0, 0x00000007d3500000| 99%| O|  |TAMS 0x00000007d3400000| PB 0x00000007d3400000| Untracked 
| 309|0x00000007d3500000, 0x00000007d35ffff0, 0x00000007d3600000| 99%| O|  |TAMS 0x00000007d3500000| PB 0x00000007d3500000| Untracked 
| 310|0x00000007d3600000, 0x00000007d36ffff0, 0x00000007d3700000| 99%| O|  |TAMS 0x00000007d3600000| PB 0x00000007d3600000| Untracked 
| 311|0x00000007d3700000, 0x00000007d3800000, 0x00000007d3800000|100%| O|  |TAMS 0x00000007d3700000| PB 0x00000007d3700000| Untracked 
| 312|0x00000007d3800000, 0x00000007d38ffff0, 0x00000007d3900000| 99%| O|  |TAMS 0x00000007d3800000| PB 0x00000007d3800000| Untracked 
| 313|0x00000007d3900000, 0x00000007d39ffff0, 0x00000007d3a00000| 99%| O|  |TAMS 0x00000007d3900000| PB 0x00000007d3900000| Untracked 
| 314|0x00000007d3a00000, 0x00000007d3affff0, 0x00000007d3b00000| 99%| O|  |TAMS 0x00000007d3a00000| PB 0x00000007d3a00000| Untracked 
| 315|0x00000007d3b00000, 0x00000007d3bffff0, 0x00000007d3c00000| 99%| O|  |TAMS 0x00000007d3b00000| PB 0x00000007d3b00000| Untracked 
| 316|0x00000007d3c00000, 0x00000007d3cffff0, 0x00000007d3d00000| 99%| O|  |TAMS 0x00000007d3c00000| PB 0x00000007d3c00000| Untracked 
| 317|0x00000007d3d00000, 0x00000007d3dffff0, 0x00000007d3e00000| 99%| O|  |TAMS 0x00000007d3d00000| PB 0x00000007d3d00000| Untracked 
| 318|0x00000007d3e00000, 0x00000007d3effff0, 0x00000007d3f00000| 99%| O|  |TAMS 0x00000007d3e00000| PB 0x00000007d3e00000| Untracked 
| 319|0x00000007d3f00000, 0x00000007d3fffff0, 0x00000007d4000000| 99%| O|  |TAMS 0x00000007d3f00000| PB 0x00000007d3f00000| Untracked 
| 320|0x00000007d4000000, 0x00000007d40ffff0, 0x00000007d4100000| 99%| O|  |TAMS 0x00000007d4000000| PB 0x00000007d4000000| Untracked 
| 321|0x00000007d4100000, 0x00000007d41ffff0, 0x00000007d4200000| 99%| O|  |TAMS 0x00000007d4100000| PB 0x00000007d4100000| Untracked 
| 322|0x00000007d4200000, 0x00000007d42ffff0, 0x00000007d4300000| 99%| O|  |TAMS 0x00000007d4200000| PB 0x00000007d4200000| Untracked 
| 323|0x00000007d4300000, 0x00000007d43ffff0, 0x00000007d4400000| 99%| O|  |TAMS 0x00000007d4300000| PB 0x00000007d4300000| Untracked 
| 324|0x00000007d4400000, 0x00000007d44ffff0, 0x00000007d4500000| 99%| O|  |TAMS 0x00000007d4400000| PB 0x00000007d4400000| Untracked 
| 325|0x00000007d4500000, 0x00000007d45ffff0, 0x00000007d4600000| 99%| O|  |TAMS 0x00000007d4500000| PB 0x00000007d4500000| Untracked 
| 326|0x00000007d4600000, 0x00000007d46ffff0, 0x00000007d4700000| 99%| O|  |TAMS 0x00000007d4600000| PB 0x00000007d4600000| Untracked 
| 327|0x00000007d4700000, 0x00000007d47ffff0, 0x00000007d4800000| 99%| O|  |TAMS 0x00000007d4700000| PB 0x00000007d4700000| Untracked 
| 328|0x00000007d4800000, 0x00000007d48ffff0, 0x00000007d4900000| 99%| O|  |TAMS 0x00000007d4800000| PB 0x00000007d4800000| Untracked 
| 329|0x00000007d4900000, 0x00000007d49ffff0, 0x00000007d4a00000| 99%| O|  |TAMS 0x00000007d4900000| PB 0x00000007d4900000| Untracked 
| 330|0x00000007d4a00000, 0x00000007d4affff0, 0x00000007d4b00000| 99%| O|  |TAMS 0x00000007d4a00000| PB 0x00000007d4a00000| Untracked 
| 331|0x00000007d4b00000, 0x00000007d4c00000, 0x00000007d4c00000|100%| O|  |TAMS 0x00000007d4b00000| PB 0x00000007d4b00000| Untracked 
| 332|0x00000007d4c00000, 0x00000007d4cffff0, 0x00000007d4d00000| 99%| O|  |TAMS 0x00000007d4c00000| PB 0x00000007d4c00000| Untracked 
| 333|0x00000007d4d00000, 0x00000007d4dfffc8, 0x00000007d4e00000| 99%| O|  |TAMS 0x00000007d4d00000| PB 0x00000007d4d00000| Untracked 
| 334|0x00000007d4e00000, 0x00000007d4effff0, 0x00000007d4f00000| 99%| O|  |TAMS 0x00000007d4e00000| PB 0x00000007d4e00000| Untracked 
| 335|0x00000007d4f00000, 0x00000007d4ffff68, 0x00000007d5000000| 99%| O|  |TAMS 0x00000007d4f00000| PB 0x00000007d4f00000| Untracked 
| 336|0x00000007d5000000, 0x00000007d50ffff0, 0x00000007d5100000| 99%| O|  |TAMS 0x00000007d5000000| PB 0x00000007d5000000| Untracked 
| 337|0x00000007d5100000, 0x00000007d51ffff0, 0x00000007d5200000| 99%| O|  |TAMS 0x00000007d5100000| PB 0x00000007d5100000| Untracked 
| 338|0x00000007d5200000, 0x00000007d52ffff0, 0x00000007d5300000| 99%| O|  |TAMS 0x00000007d5200000| PB 0x00000007d5200000| Untracked 
| 339|0x00000007d5300000, 0x00000007d53ffff0, 0x00000007d5400000| 99%| O|  |TAMS 0x00000007d5300000| PB 0x00000007d5300000| Untracked 
| 340|0x00000007d5400000, 0x00000007d54ffff0, 0x00000007d5500000| 99%| O|  |TAMS 0x00000007d5400000| PB 0x00000007d5400000| Untracked 
| 341|0x00000007d5500000, 0x00000007d55ffff8, 0x00000007d5600000| 99%| O|  |TAMS 0x00000007d5500000| PB 0x00000007d5500000| Untracked 
| 342|0x00000007d5600000, 0x00000007d5700000, 0x00000007d5700000|100%| O|  |TAMS 0x00000007d5600000| PB 0x00000007d5600000| Untracked 
| 343|0x00000007d5700000, 0x00000007d5800000, 0x00000007d5800000|100%| O|  |TAMS 0x00000007d5700000| PB 0x00000007d5700000| Untracked 
| 344|0x00000007d5800000, 0x00000007d58ffff0, 0x00000007d5900000| 99%| O|  |TAMS 0x00000007d5800000| PB 0x00000007d5800000| Untracked 
| 345|0x00000007d5900000, 0x00000007d59ffff8, 0x00000007d5a00000| 99%| O|  |TAMS 0x00000007d5900000| PB 0x00000007d5900000| Untracked 
| 346|0x00000007d5a00000, 0x00000007d5affff0, 0x00000007d5b00000| 99%| O|  |TAMS 0x00000007d5a00000| PB 0x00000007d5a00000| Untracked 
| 347|0x00000007d5b00000, 0x00000007d5bffff0, 0x00000007d5c00000| 99%| O|  |TAMS 0x00000007d5b00000| PB 0x00000007d5b00000| Untracked 
| 348|0x00000007d5c00000, 0x00000007d5cffff0, 0x00000007d5d00000| 99%| O|  |TAMS 0x00000007d5c00000| PB 0x00000007d5c00000| Untracked 
| 349|0x00000007d5d00000, 0x00000007d5dffff0, 0x00000007d5e00000| 99%| O|  |TAMS 0x00000007d5d00000| PB 0x00000007d5d00000| Untracked 
| 350|0x00000007d5e00000, 0x00000007d5effff0, 0x00000007d5f00000| 99%| O|  |TAMS 0x00000007d5e00000| PB 0x00000007d5e00000| Untracked 
| 351|0x00000007d5f00000, 0x00000007d5fffff0, 0x00000007d6000000| 99%| O|  |TAMS 0x00000007d5f00000| PB 0x00000007d5f00000| Untracked 
| 352|0x00000007d6000000, 0x00000007d6100000, 0x00000007d6100000|100%| O|  |TAMS 0x00000007d6000000| PB 0x00000007d6000000| Untracked 
| 353|0x00000007d6100000, 0x00000007d61ffff0, 0x00000007d6200000| 99%| O|  |TAMS 0x00000007d6100000| PB 0x00000007d6100000| Untracked 
| 354|0x00000007d6200000, 0x00000007d62ffff0, 0x00000007d6300000| 99%| O|  |TAMS 0x00000007d6200000| PB 0x00000007d6200000| Untracked 
| 355|0x00000007d6300000, 0x00000007d63ffff0, 0x00000007d6400000| 99%| O|  |TAMS 0x00000007d6300000| PB 0x00000007d6300000| Untracked 
| 356|0x00000007d6400000, 0x00000007d64ffff0, 0x00000007d6500000| 99%| O|  |TAMS 0x00000007d6400000| PB 0x00000007d6400000| Untracked 
| 357|0x00000007d6500000, 0x00000007d65ffff0, 0x00000007d6600000| 99%| O|  |TAMS 0x00000007d6500000| PB 0x00000007d6500000| Untracked 
| 358|0x00000007d6600000, 0x00000007d66ffff0, 0x00000007d6700000| 99%| O|  |TAMS 0x00000007d6600000| PB 0x00000007d6600000| Untracked 
| 359|0x00000007d6700000, 0x00000007d67ffff0, 0x00000007d6800000| 99%| O|  |TAMS 0x00000007d6700000| PB 0x00000007d6700000| Untracked 
| 360|0x00000007d6800000, 0x00000007d68ffff0, 0x00000007d6900000| 99%| O|  |TAMS 0x00000007d6800000| PB 0x00000007d6800000| Untracked 
| 361|0x00000007d6900000, 0x00000007d69ffff0, 0x00000007d6a00000| 99%| O|  |TAMS 0x00000007d6900000| PB 0x00000007d6900000| Untracked 
| 362|0x00000007d6a00000, 0x00000007d6affff0, 0x00000007d6b00000| 99%| O|  |TAMS 0x00000007d6a00000| PB 0x00000007d6a00000| Untracked 
| 363|0x00000007d6b00000, 0x00000007d6bffff0, 0x00000007d6c00000| 99%| O|  |TAMS 0x00000007d6b00000| PB 0x00000007d6b00000| Untracked 
| 364|0x00000007d6c00000, 0x00000007d6cffff0, 0x00000007d6d00000| 99%| O|  |TAMS 0x00000007d6c00000| PB 0x00000007d6c00000| Untracked 
| 365|0x00000007d6d00000, 0x00000007d6dffff0, 0x00000007d6e00000| 99%| O|  |TAMS 0x00000007d6d00000| PB 0x00000007d6d00000| Untracked 
| 366|0x00000007d6e00000, 0x00000007d6effff0, 0x00000007d6f00000| 99%| O|  |TAMS 0x00000007d6e00000| PB 0x00000007d6e00000| Untracked 
| 367|0x00000007d6f00000, 0x00000007d6fffff0, 0x00000007d7000000| 99%| O|  |TAMS 0x00000007d6f00000| PB 0x00000007d6f00000| Untracked 
| 368|0x00000007d7000000, 0x00000007d70ffff0, 0x00000007d7100000| 99%| O|  |TAMS 0x00000007d7000000| PB 0x00000007d7000000| Untracked 
| 369|0x00000007d7100000, 0x00000007d71ffff0, 0x00000007d7200000| 99%| O|  |TAMS 0x00000007d7100000| PB 0x00000007d7100000| Untracked 
| 370|0x00000007d7200000, 0x00000007d72ffff0, 0x00000007d7300000| 99%| O|  |TAMS 0x00000007d7200000| PB 0x00000007d7200000| Untracked 
| 371|0x00000007d7300000, 0x00000007d73ffff0, 0x00000007d7400000| 99%| O|  |TAMS 0x00000007d7300000| PB 0x00000007d7300000| Untracked 
| 372|0x00000007d7400000, 0x00000007d74ffff0, 0x00000007d7500000| 99%| O|  |TAMS 0x00000007d7400000| PB 0x00000007d7400000| Untracked 
| 373|0x00000007d7500000, 0x00000007d75ffff0, 0x00000007d7600000| 99%| O|  |TAMS 0x00000007d7500000| PB 0x00000007d7500000| Untracked 
| 374|0x00000007d7600000, 0x00000007d76ffff0, 0x00000007d7700000| 99%| O|  |TAMS 0x00000007d7600000| PB 0x00000007d7600000| Untracked 
| 375|0x00000007d7700000, 0x00000007d77ffff0, 0x00000007d7800000| 99%| O|  |TAMS 0x00000007d7700000| PB 0x00000007d7700000| Untracked 
| 376|0x00000007d7800000, 0x00000007d78ffff8, 0x00000007d7900000| 99%| O|  |TAMS 0x00000007d7800000| PB 0x00000007d7800000| Untracked 
| 377|0x00000007d7900000, 0x00000007d79ffff0, 0x00000007d7a00000| 99%| O|  |TAMS 0x00000007d7900000| PB 0x00000007d7900000| Untracked 
| 378|0x00000007d7a00000, 0x00000007d7affff0, 0x00000007d7b00000| 99%| O|  |TAMS 0x00000007d7a00000| PB 0x00000007d7a00000| Untracked 
| 379|0x00000007d7b00000, 0x00000007d7bffff0, 0x00000007d7c00000| 99%| O|  |TAMS 0x00000007d7b00000| PB 0x00000007d7b00000| Untracked 
| 380|0x00000007d7c00000, 0x00000007d7cffff0, 0x00000007d7d00000| 99%| O|  |TAMS 0x00000007d7c00000| PB 0x00000007d7c00000| Untracked 
| 381|0x00000007d7d00000, 0x00000007d7dffff0, 0x00000007d7e00000| 99%| O|  |TAMS 0x00000007d7d00000| PB 0x00000007d7d00000| Untracked 
| 382|0x00000007d7e00000, 0x00000007d7effff0, 0x00000007d7f00000| 99%| O|  |TAMS 0x00000007d7e00000| PB 0x00000007d7e00000| Untracked 
| 383|0x00000007d7f00000, 0x00000007d7fffff8, 0x00000007d8000000| 99%| O|  |TAMS 0x00000007d7f00000| PB 0x00000007d7f00000| Untracked 
| 384|0x00000007d8000000, 0x00000007d80ffff0, 0x00000007d8100000| 99%| O|  |TAMS 0x00000007d8000000| PB 0x00000007d8000000| Untracked 
| 385|0x00000007d8100000, 0x00000007d81ffff0, 0x00000007d8200000| 99%| O|  |TAMS 0x00000007d8100000| PB 0x00000007d8100000| Untracked 
| 386|0x00000007d8200000, 0x00000007d82ffff0, 0x00000007d8300000| 99%| O|  |TAMS 0x00000007d8200000| PB 0x00000007d8200000| Untracked 
| 387|0x00000007d8300000, 0x00000007d8400000, 0x00000007d8400000|100%| O|  |TAMS 0x00000007d8300000| PB 0x00000007d8300000| Untracked 
| 388|0x00000007d8400000, 0x00000007d84ffff0, 0x00000007d8500000| 99%| O|  |TAMS 0x00000007d8400000| PB 0x00000007d8400000| Untracked 
| 389|0x00000007d8500000, 0x00000007d85ffff0, 0x00000007d8600000| 99%| O|  |TAMS 0x00000007d8500000| PB 0x00000007d8500000| Untracked 
| 390|0x00000007d8600000, 0x00000007d86ffff0, 0x00000007d8700000| 99%| O|  |TAMS 0x00000007d8600000| PB 0x00000007d8600000| Untracked 
| 391|0x00000007d8700000, 0x00000007d87ffff0, 0x00000007d8800000| 99%| O|  |TAMS 0x00000007d8700000| PB 0x00000007d8700000| Untracked 
| 392|0x00000007d8800000, 0x00000007d88ffff0, 0x00000007d8900000| 99%| O|  |TAMS 0x00000007d8800000| PB 0x00000007d8800000| Untracked 
| 393|0x00000007d8900000, 0x00000007d89ffff0, 0x00000007d8a00000| 99%| O|  |TAMS 0x00000007d8900000| PB 0x00000007d8900000| Untracked 
| 394|0x00000007d8a00000, 0x00000007d8affff0, 0x00000007d8b00000| 99%| O|  |TAMS 0x00000007d8a00000| PB 0x00000007d8a00000| Untracked 
| 395|0x00000007d8b00000, 0x00000007d8bffff0, 0x00000007d8c00000| 99%| O|  |TAMS 0x00000007d8b00000| PB 0x00000007d8b00000| Untracked 
| 396|0x00000007d8c00000, 0x00000007d8cffff0, 0x00000007d8d00000| 99%| O|  |TAMS 0x00000007d8c00000| PB 0x00000007d8c00000| Untracked 
| 397|0x00000007d8d00000, 0x00000007d8dffff0, 0x00000007d8e00000| 99%| O|  |TAMS 0x00000007d8d00000| PB 0x00000007d8d00000| Untracked 
| 398|0x00000007d8e00000, 0x00000007d8effff0, 0x00000007d8f00000| 99%| O|  |TAMS 0x00000007d8e00000| PB 0x00000007d8e00000| Untracked 
| 399|0x00000007d8f00000, 0x00000007d8fffff0, 0x00000007d9000000| 99%| O|  |TAMS 0x00000007d8f00000| PB 0x00000007d8f00000| Untracked 
| 400|0x00000007d9000000, 0x00000007d90ffff0, 0x00000007d9100000| 99%| O|  |TAMS 0x00000007d9000000| PB 0x00000007d9000000| Untracked 
| 401|0x00000007d9100000, 0x00000007d91ffff0, 0x00000007d9200000| 99%| O|  |TAMS 0x00000007d9100000| PB 0x00000007d9100000| Untracked 
| 402|0x00000007d9200000, 0x00000007d92ffff0, 0x00000007d9300000| 99%| O|  |TAMS 0x00000007d9200000| PB 0x00000007d9200000| Untracked 
| 403|0x00000007d9300000, 0x00000007d93ffff0, 0x00000007d9400000| 99%| O|  |TAMS 0x00000007d9300000| PB 0x00000007d9300000| Untracked 
| 404|0x00000007d9400000, 0x00000007d94ffff0, 0x00000007d9500000| 99%| O|  |TAMS 0x00000007d9400000| PB 0x00000007d9400000| Untracked 
| 405|0x00000007d9500000, 0x00000007d95ffff0, 0x00000007d9600000| 99%| O|  |TAMS 0x00000007d9500000| PB 0x00000007d9500000| Untracked 
| 406|0x00000007d9600000, 0x00000007d96ffff0, 0x00000007d9700000| 99%| O|  |TAMS 0x00000007d9600000| PB 0x00000007d9600000| Untracked 
| 407|0x00000007d9700000, 0x00000007d97ffff0, 0x00000007d9800000| 99%| O|  |TAMS 0x00000007d9700000| PB 0x00000007d9700000| Untracked 
| 408|0x00000007d9800000, 0x00000007d98ffff0, 0x00000007d9900000| 99%| O|  |TAMS 0x00000007d9800000| PB 0x00000007d9800000| Untracked 
| 409|0x00000007d9900000, 0x00000007d99ffff0, 0x00000007d9a00000| 99%| O|  |TAMS 0x00000007d9900000| PB 0x00000007d9900000| Untracked 
| 410|0x00000007d9a00000, 0x00000007d9affff0, 0x00000007d9b00000| 99%| O|  |TAMS 0x00000007d9a00000| PB 0x00000007d9a00000| Untracked 
| 411|0x00000007d9b00000, 0x00000007d9bffff0, 0x00000007d9c00000| 99%| O|  |TAMS 0x00000007d9b00000| PB 0x00000007d9b00000| Untracked 
| 412|0x00000007d9c00000, 0x00000007d9cffff0, 0x00000007d9d00000| 99%| O|  |TAMS 0x00000007d9c00000| PB 0x00000007d9c00000| Untracked 
| 413|0x00000007d9d00000, 0x00000007d9dffff0, 0x00000007d9e00000| 99%| O|  |TAMS 0x00000007d9d00000| PB 0x00000007d9d00000| Untracked 
| 414|0x00000007d9e00000, 0x00000007d9effff0, 0x00000007d9f00000| 99%| O|  |TAMS 0x00000007d9e00000| PB 0x00000007d9e00000| Untracked 
| 415|0x00000007d9f00000, 0x00000007d9fffff0, 0x00000007da000000| 99%| O|  |TAMS 0x00000007d9f00000| PB 0x00000007d9f00000| Untracked 
| 416|0x00000007da000000, 0x00000007da0ffff0, 0x00000007da100000| 99%| O|  |TAMS 0x00000007da000000| PB 0x00000007da000000| Untracked 
| 417|0x00000007da100000, 0x00000007da1ffff0, 0x00000007da200000| 99%| O|  |TAMS 0x00000007da100000| PB 0x00000007da100000| Untracked 
| 418|0x00000007da200000, 0x00000007da2ffff0, 0x00000007da300000| 99%| O|  |TAMS 0x00000007da200000| PB 0x00000007da200000| Untracked 
| 419|0x00000007da300000, 0x00000007da3ffff0, 0x00000007da400000| 99%| O|  |TAMS 0x00000007da300000| PB 0x00000007da300000| Untracked 
| 420|0x00000007da400000, 0x00000007da4ffff0, 0x00000007da500000| 99%| O|  |TAMS 0x00000007da400000| PB 0x00000007da400000| Untracked 
| 421|0x00000007da500000, 0x00000007da5ffff0, 0x00000007da600000| 99%| O|  |TAMS 0x00000007da500000| PB 0x00000007da500000| Untracked 
| 422|0x00000007da600000, 0x00000007da6ffff0, 0x00000007da700000| 99%| O|  |TAMS 0x00000007da600000| PB 0x00000007da600000| Untracked 
| 423|0x00000007da700000, 0x00000007da800000, 0x00000007da800000|100%| O|  |TAMS 0x00000007da700000| PB 0x00000007da700000| Untracked 
| 424|0x00000007da800000, 0x00000007da8ffff8, 0x00000007da900000| 99%| O|  |TAMS 0x00000007da800000| PB 0x00000007da800000| Untracked 
| 425|0x00000007da900000, 0x00000007da9ffff0, 0x00000007daa00000| 99%| O|  |TAMS 0x00000007da900000| PB 0x00000007da900000| Untracked 
| 426|0x00000007daa00000, 0x00000007daaffff0, 0x00000007dab00000| 99%| O|  |TAMS 0x00000007daa00000| PB 0x00000007daa00000| Untracked 
| 427|0x00000007dab00000, 0x00000007dabffff0, 0x00000007dac00000| 99%| O|  |TAMS 0x00000007dab00000| PB 0x00000007dab00000| Untracked 
| 428|0x00000007dac00000, 0x00000007dacffff0, 0x00000007dad00000| 99%| O|  |TAMS 0x00000007dac00000| PB 0x00000007dac00000| Untracked 
| 429|0x00000007dad00000, 0x00000007dadffff0, 0x00000007dae00000| 99%| O|  |TAMS 0x00000007dad00000| PB 0x00000007dad00000| Untracked 
| 430|0x00000007dae00000, 0x00000007daeffff0, 0x00000007daf00000| 99%| O|  |TAMS 0x00000007dae00000| PB 0x00000007dae00000| Untracked 
| 431|0x00000007daf00000, 0x00000007dafffff0, 0x00000007db000000| 99%| O|  |TAMS 0x00000007daf00000| PB 0x00000007daf00000| Untracked 
| 432|0x00000007db000000, 0x00000007db0ffff0, 0x00000007db100000| 99%| O|  |TAMS 0x00000007db000000| PB 0x00000007db000000| Untracked 
| 433|0x00000007db100000, 0x00000007db1ffff0, 0x00000007db200000| 99%| O|  |TAMS 0x00000007db100000| PB 0x00000007db100000| Untracked 
| 434|0x00000007db200000, 0x00000007db2ffff0, 0x00000007db300000| 99%| O|  |TAMS 0x00000007db200000| PB 0x00000007db200000| Untracked 
| 435|0x00000007db300000, 0x00000007db3ffff0, 0x00000007db400000| 99%| O|  |TAMS 0x00000007db300000| PB 0x00000007db300000| Untracked 
| 436|0x00000007db400000, 0x00000007db4ffff0, 0x00000007db500000| 99%| O|  |TAMS 0x00000007db400000| PB 0x00000007db400000| Untracked 
| 437|0x00000007db500000, 0x00000007db5ffff0, 0x00000007db600000| 99%| O|  |TAMS 0x00000007db500000| PB 0x00000007db500000| Untracked 
| 438|0x00000007db600000, 0x00000007db6ffff0, 0x00000007db700000| 99%| O|  |TAMS 0x00000007db600000| PB 0x00000007db600000| Untracked 
| 439|0x00000007db700000, 0x00000007db7ffff0, 0x00000007db800000| 99%| O|  |TAMS 0x00000007db700000| PB 0x00000007db700000| Untracked 
| 440|0x00000007db800000, 0x00000007db8ffff0, 0x00000007db900000| 99%| O|  |TAMS 0x00000007db800000| PB 0x00000007db800000| Untracked 
| 441|0x00000007db900000, 0x00000007db9ffff0, 0x00000007dba00000| 99%| O|  |TAMS 0x00000007db900000| PB 0x00000007db900000| Untracked 
| 442|0x00000007dba00000, 0x00000007dbaffff0, 0x00000007dbb00000| 99%| O|  |TAMS 0x00000007dba00000| PB 0x00000007dba00000| Untracked 
| 443|0x00000007dbb00000, 0x00000007dbbffff0, 0x00000007dbc00000| 99%| O|  |TAMS 0x00000007dbb00000| PB 0x00000007dbb00000| Untracked 
| 444|0x00000007dbc00000, 0x00000007dbcffff0, 0x00000007dbd00000| 99%| O|  |TAMS 0x00000007dbc00000| PB 0x00000007dbc00000| Untracked 
| 445|0x00000007dbd00000, 0x00000007dbdffff0, 0x00000007dbe00000| 99%| O|  |TAMS 0x00000007dbd00000| PB 0x00000007dbd00000| Untracked 
| 446|0x00000007dbe00000, 0x00000007dbeffff0, 0x00000007dbf00000| 99%| O|  |TAMS 0x00000007dbe00000| PB 0x00000007dbe00000| Untracked 
| 447|0x00000007dbf00000, 0x00000007dbfffff0, 0x00000007dc000000| 99%| O|  |TAMS 0x00000007dbf00000| PB 0x00000007dbf00000| Untracked 
| 448|0x00000007dc000000, 0x00000007dc0ffff0, 0x00000007dc100000| 99%| O|  |TAMS 0x00000007dc000000| PB 0x00000007dc000000| Untracked 
| 449|0x00000007dc100000, 0x00000007dc1ffff0, 0x00000007dc200000| 99%| O|  |TAMS 0x00000007dc100000| PB 0x00000007dc100000| Untracked 
| 450|0x00000007dc200000, 0x00000007dc2ffff8, 0x00000007dc300000| 99%| O|  |TAMS 0x00000007dc200000| PB 0x00000007dc200000| Untracked 
| 451|0x00000007dc300000, 0x00000007dc3ffff0, 0x00000007dc400000| 99%| O|  |TAMS 0x00000007dc300000| PB 0x00000007dc300000| Untracked 
| 452|0x00000007dc400000, 0x00000007dc4ffff0, 0x00000007dc500000| 99%| O|  |TAMS 0x00000007dc400000| PB 0x00000007dc400000| Untracked 
| 453|0x00000007dc500000, 0x00000007dc5ffff0, 0x00000007dc600000| 99%| O|  |TAMS 0x00000007dc500000| PB 0x00000007dc500000| Untracked 
| 454|0x00000007dc600000, 0x00000007dc6ffff0, 0x00000007dc700000| 99%| O|  |TAMS 0x00000007dc600000| PB 0x00000007dc600000| Untracked 
| 455|0x00000007dc700000, 0x00000007dc7ffff0, 0x00000007dc800000| 99%| O|  |TAMS 0x00000007dc700000| PB 0x00000007dc700000| Untracked 
| 456|0x00000007dc800000, 0x00000007dc8ffff0, 0x00000007dc900000| 99%| O|  |TAMS 0x00000007dc800000| PB 0x00000007dc800000| Untracked 
| 457|0x00000007dc900000, 0x00000007dc9ffff0, 0x00000007dca00000| 99%| O|  |TAMS 0x00000007dc900000| PB 0x00000007dc900000| Untracked 
| 458|0x00000007dca00000, 0x00000007dcaffff0, 0x00000007dcb00000| 99%| O|  |TAMS 0x00000007dca00000| PB 0x00000007dca00000| Untracked 
| 459|0x00000007dcb00000, 0x00000007dcbffff0, 0x00000007dcc00000| 99%| O|  |TAMS 0x00000007dcb00000| PB 0x00000007dcb00000| Untracked 
| 460|0x00000007dcc00000, 0x00000007dccffff0, 0x00000007dcd00000| 99%| O|  |TAMS 0x00000007dcc00000| PB 0x00000007dcc00000| Untracked 
| 461|0x00000007dcd00000, 0x00000007dcdffff0, 0x00000007dce00000| 99%| O|  |TAMS 0x00000007dcd00000| PB 0x00000007dcd00000| Untracked 
| 462|0x00000007dce00000, 0x00000007dceffff0, 0x00000007dcf00000| 99%| O|  |TAMS 0x00000007dce00000| PB 0x00000007dce00000| Untracked 
| 463|0x00000007dcf00000, 0x00000007dcfffff0, 0x00000007dd000000| 99%| O|  |TAMS 0x00000007dcf00000| PB 0x00000007dcf00000| Untracked 
| 464|0x00000007dd000000, 0x00000007dd0ffff0, 0x00000007dd100000| 99%| O|  |TAMS 0x00000007dd000000| PB 0x00000007dd000000| Untracked 
| 465|0x00000007dd100000, 0x00000007dd1ffff0, 0x00000007dd200000| 99%| O|  |TAMS 0x00000007dd100000| PB 0x00000007dd100000| Untracked 
| 466|0x00000007dd200000, 0x00000007dd2ffff0, 0x00000007dd300000| 99%| O|  |TAMS 0x00000007dd200000| PB 0x00000007dd200000| Untracked 
| 467|0x00000007dd300000, 0x00000007dd3ffff0, 0x00000007dd400000| 99%| O|  |TAMS 0x00000007dd300000| PB 0x00000007dd300000| Untracked 
| 468|0x00000007dd400000, 0x00000007dd4ffff0, 0x00000007dd500000| 99%| O|  |TAMS 0x00000007dd400000| PB 0x00000007dd400000| Untracked 
| 469|0x00000007dd500000, 0x00000007dd5ffff0, 0x00000007dd600000| 99%| O|  |TAMS 0x00000007dd500000| PB 0x00000007dd500000| Untracked 
| 470|0x00000007dd600000, 0x00000007dd6ffff0, 0x00000007dd700000| 99%| O|  |TAMS 0x00000007dd600000| PB 0x00000007dd600000| Untracked 
| 471|0x00000007dd700000, 0x00000007dd7ffff0, 0x00000007dd800000| 99%| O|  |TAMS 0x00000007dd700000| PB 0x00000007dd700000| Untracked 
| 472|0x00000007dd800000, 0x00000007dd8ffff0, 0x00000007dd900000| 99%| O|  |TAMS 0x00000007dd800000| PB 0x00000007dd800000| Untracked 
| 473|0x00000007dd900000, 0x00000007dd9ffff0, 0x00000007dda00000| 99%| O|  |TAMS 0x00000007dd900000| PB 0x00000007dd900000| Untracked 
| 474|0x00000007dda00000, 0x00000007ddaffff0, 0x00000007ddb00000| 99%| O|  |TAMS 0x00000007dda00000| PB 0x00000007dda00000| Untracked 
| 475|0x00000007ddb00000, 0x00000007ddbffff0, 0x00000007ddc00000| 99%| O|  |TAMS 0x00000007ddb00000| PB 0x00000007ddb00000| Untracked 
| 476|0x00000007ddc00000, 0x00000007ddcffff0, 0x00000007ddd00000| 99%| O|  |TAMS 0x00000007ddc00000| PB 0x00000007ddc00000| Untracked 
| 477|0x00000007ddd00000, 0x00000007dddffff0, 0x00000007dde00000| 99%| O|  |TAMS 0x00000007ddd00000| PB 0x00000007ddd00000| Untracked 
| 478|0x00000007dde00000, 0x00000007ddeffff0, 0x00000007ddf00000| 99%| O|  |TAMS 0x00000007dde00000| PB 0x00000007dde00000| Untracked 
| 479|0x00000007ddf00000, 0x00000007ddfffff0, 0x00000007de000000| 99%| O|  |TAMS 0x00000007ddf00000| PB 0x00000007ddf00000| Untracked 
| 480|0x00000007de000000, 0x00000007de0ffff0, 0x00000007de100000| 99%| O|  |TAMS 0x00000007de000000| PB 0x00000007de000000| Untracked 
| 481|0x00000007de100000, 0x00000007de1ffff0, 0x00000007de200000| 99%| O|  |TAMS 0x00000007de100000| PB 0x00000007de100000| Untracked 
| 482|0x00000007de200000, 0x00000007de2ffff8, 0x00000007de300000| 99%| O|  |TAMS 0x00000007de200000| PB 0x00000007de200000| Untracked 
| 483|0x00000007de300000, 0x00000007de3fffd8, 0x00000007de400000| 99%| O|  |TAMS 0x00000007de300000| PB 0x00000007de300000| Untracked 
| 484|0x00000007de400000, 0x00000007de4ffff0, 0x00000007de500000| 99%| O|  |TAMS 0x00000007de400000| PB 0x00000007de400000| Untracked 
| 485|0x00000007de500000, 0x00000007de5ffff0, 0x00000007de600000| 99%| O|  |TAMS 0x00000007de500000| PB 0x00000007de500000| Untracked 
| 486|0x00000007de600000, 0x00000007de6ffff0, 0x00000007de700000| 99%| O|  |TAMS 0x00000007de600000| PB 0x00000007de600000| Untracked 
| 487|0x00000007de700000, 0x00000007de7ffff0, 0x00000007de800000| 99%| O|  |TAMS 0x00000007de700000| PB 0x00000007de700000| Untracked 
| 488|0x00000007de800000, 0x00000007de8ffff0, 0x00000007de900000| 99%| O|  |TAMS 0x00000007de800000| PB 0x00000007de800000| Untracked 
| 489|0x00000007de900000, 0x00000007de9ffff0, 0x00000007dea00000| 99%| O|  |TAMS 0x00000007de900000| PB 0x00000007de900000| Untracked 
| 490|0x00000007dea00000, 0x00000007deaffff8, 0x00000007deb00000| 99%| O|  |TAMS 0x00000007dea00000| PB 0x00000007dea00000| Untracked 
| 491|0x00000007deb00000, 0x00000007debffff0, 0x00000007dec00000| 99%| O|  |TAMS 0x00000007deb00000| PB 0x00000007deb00000| Untracked 
| 492|0x00000007dec00000, 0x00000007decffff0, 0x00000007ded00000| 99%| O|  |TAMS 0x00000007dec00000| PB 0x00000007dec00000| Untracked 
| 493|0x00000007ded00000, 0x00000007dedfff68, 0x00000007dee00000| 99%| O|  |TAMS 0x00000007ded00000| PB 0x00000007ded00000| Untracked 
| 494|0x00000007dee00000, 0x00000007deeffff0, 0x00000007def00000| 99%| O|  |TAMS 0x00000007dee00000| PB 0x00000007dee00000| Untracked 
| 495|0x00000007def00000, 0x00000007defffff0, 0x00000007df000000| 99%| O|  |TAMS 0x00000007def00000| PB 0x00000007def00000| Untracked 
| 496|0x00000007df000000, 0x00000007df0ffff0, 0x00000007df100000| 99%| O|  |TAMS 0x00000007df000000| PB 0x00000007df000000| Untracked 
| 497|0x00000007df100000, 0x00000007df1ffff0, 0x00000007df200000| 99%| O|  |TAMS 0x00000007df100000| PB 0x00000007df100000| Untracked 
| 498|0x00000007df200000, 0x00000007df2ffff0, 0x00000007df300000| 99%| O|  |TAMS 0x00000007df200000| PB 0x00000007df200000| Untracked 
| 499|0x00000007df300000, 0x00000007df3ffff0, 0x00000007df400000| 99%| O|  |TAMS 0x00000007df300000| PB 0x00000007df300000| Untracked 
| 500|0x00000007df400000, 0x00000007df4ffff0, 0x00000007df500000| 99%| O|  |TAMS 0x00000007df400000| PB 0x00000007df400000| Untracked 
| 501|0x00000007df500000, 0x00000007df5ffff0, 0x00000007df600000| 99%| O|  |TAMS 0x00000007df500000| PB 0x00000007df500000| Untracked 
| 502|0x00000007df600000, 0x00000007df6ffff0, 0x00000007df700000| 99%| O|  |TAMS 0x00000007df600000| PB 0x00000007df600000| Untracked 
| 503|0x00000007df700000, 0x00000007df7ffff0, 0x00000007df800000| 99%| O|  |TAMS 0x00000007df700000| PB 0x00000007df700000| Untracked 
| 504|0x00000007df800000, 0x00000007df8ffff0, 0x00000007df900000| 99%| O|  |TAMS 0x00000007df800000| PB 0x00000007df800000| Untracked 
| 505|0x00000007df900000, 0x00000007df9ffff0, 0x00000007dfa00000| 99%| O|  |TAMS 0x00000007df900000| PB 0x00000007df900000| Untracked 
| 506|0x00000007dfa00000, 0x00000007dfaffff0, 0x00000007dfb00000| 99%| O|  |TAMS 0x00000007dfa00000| PB 0x00000007dfa00000| Untracked 
| 507|0x00000007dfb00000, 0x00000007dfbffff0, 0x00000007dfc00000| 99%| O|  |TAMS 0x00000007dfb00000| PB 0x00000007dfb00000| Untracked 
| 508|0x00000007dfc00000, 0x00000007dfcffff0, 0x00000007dfd00000| 99%| O|  |TAMS 0x00000007dfc00000| PB 0x00000007dfc00000| Untracked 
| 509|0x00000007dfd00000, 0x00000007dfdffff0, 0x00000007dfe00000| 99%| O|  |TAMS 0x00000007dfd00000| PB 0x00000007dfd00000| Untracked 
| 510|0x00000007dfe00000, 0x00000007dfeffff0, 0x00000007dff00000| 99%| O|  |TAMS 0x00000007dfe00000| PB 0x00000007dfe00000| Untracked 
| 511|0x00000007dff00000, 0x00000007dffffff0, 0x00000007e0000000| 99%| O|  |TAMS 0x00000007dff00000| PB 0x00000007dff00000| Untracked 
| 512|0x00000007e0000000, 0x00000007e00ffff0, 0x00000007e0100000| 99%| O|  |TAMS 0x00000007e0000000| PB 0x00000007e0000000| Untracked 
| 513|0x00000007e0100000, 0x00000007e01ffff0, 0x00000007e0200000| 99%| O|  |TAMS 0x00000007e0100000| PB 0x00000007e0100000| Untracked 
| 514|0x00000007e0200000, 0x00000007e02ffff0, 0x00000007e0300000| 99%| O|  |TAMS 0x00000007e0200000| PB 0x00000007e0200000| Untracked 
| 515|0x00000007e0300000, 0x00000007e03ffff0, 0x00000007e0400000| 99%| O|  |TAMS 0x00000007e0300000| PB 0x00000007e0300000| Untracked 
| 516|0x00000007e0400000, 0x00000007e04ffff0, 0x00000007e0500000| 99%| O|  |TAMS 0x00000007e0400000| PB 0x00000007e0400000| Untracked 
| 517|0x00000007e0500000, 0x00000007e05fffc8, 0x00000007e0600000| 99%| O|  |TAMS 0x00000007e0500000| PB 0x00000007e0500000| Untracked 
| 518|0x00000007e0600000, 0x00000007e06ffff0, 0x00000007e0700000| 99%| O|  |TAMS 0x00000007e0600000| PB 0x00000007e0600000| Untracked 
| 519|0x00000007e0700000, 0x00000007e07ffff0, 0x00000007e0800000| 99%| O|  |TAMS 0x00000007e0700000| PB 0x00000007e0700000| Untracked 
| 520|0x00000007e0800000, 0x00000007e08ffff0, 0x00000007e0900000| 99%| O|  |TAMS 0x00000007e0800000| PB 0x00000007e0800000| Untracked 
| 521|0x00000007e0900000, 0x00000007e09ffff0, 0x00000007e0a00000| 99%| O|  |TAMS 0x00000007e0900000| PB 0x00000007e0900000| Untracked 
| 522|0x00000007e0a00000, 0x00000007e0affff8, 0x00000007e0b00000| 99%| O|  |TAMS 0x00000007e0a00000| PB 0x00000007e0a00000| Untracked 
| 523|0x00000007e0b00000, 0x00000007e0bffff0, 0x00000007e0c00000| 99%| O|  |TAMS 0x00000007e0b00000| PB 0x00000007e0b00000| Untracked 
| 524|0x00000007e0c00000, 0x00000007e0cffff0, 0x00000007e0d00000| 99%| O|  |TAMS 0x00000007e0c00000| PB 0x00000007e0c00000| Untracked 
| 525|0x00000007e0d00000, 0x00000007e0dffff0, 0x00000007e0e00000| 99%| O|  |TAMS 0x00000007e0d00000| PB 0x00000007e0d00000| Untracked 
| 526|0x00000007e0e00000, 0x00000007e0effff0, 0x00000007e0f00000| 99%| O|  |TAMS 0x00000007e0e00000| PB 0x00000007e0e00000| Untracked 
| 527|0x00000007e0f00000, 0x00000007e1000000, 0x00000007e1000000|100%| O|  |TAMS 0x00000007e0f00000| PB 0x00000007e0f00000| Untracked 
| 528|0x00000007e1000000, 0x00000007e10ffff0, 0x00000007e1100000| 99%| O|  |TAMS 0x00000007e1000000| PB 0x00000007e1000000| Untracked 
| 529|0x00000007e1100000, 0x00000007e11ffff0, 0x00000007e1200000| 99%| O|  |TAMS 0x00000007e1100000| PB 0x00000007e1100000| Untracked 
| 530|0x00000007e1200000, 0x00000007e12ffff8, 0x00000007e1300000| 99%| O|  |TAMS 0x00000007e1200000| PB 0x00000007e1200000| Untracked 
| 531|0x00000007e1300000, 0x00000007e13ffff0, 0x00000007e1400000| 99%| O|  |TAMS 0x00000007e1300000| PB 0x00000007e1300000| Untracked 
| 532|0x00000007e1400000, 0x00000007e14ffff0, 0x00000007e1500000| 99%| O|  |TAMS 0x00000007e1400000| PB 0x00000007e1400000| Untracked 
| 533|0x00000007e1500000, 0x00000007e15ffff0, 0x00000007e1600000| 99%| O|  |TAMS 0x00000007e1500000| PB 0x00000007e1500000| Untracked 
| 534|0x00000007e1600000, 0x00000007e1700000, 0x00000007e1700000|100%| O|  |TAMS 0x00000007e1600000| PB 0x00000007e1600000| Untracked 
| 535|0x00000007e1700000, 0x00000007e17ffff8, 0x00000007e1800000| 99%| O|  |TAMS 0x00000007e1700000| PB 0x00000007e1700000| Untracked 
| 536|0x00000007e1800000, 0x00000007e18fffe0, 0x00000007e1900000| 99%| O|  |TAMS 0x00000007e1800000| PB 0x00000007e1800000| Untracked 
| 537|0x00000007e1900000, 0x00000007e1a00000, 0x00000007e1a00000|100%| O|  |TAMS 0x00000007e1900000| PB 0x00000007e1900000| Untracked 
| 538|0x00000007e1a00000, 0x00000007e1affff0, 0x00000007e1b00000| 99%| O|  |TAMS 0x00000007e1a00000| PB 0x00000007e1a00000| Untracked 
| 539|0x00000007e1b00000, 0x00000007e1bffff8, 0x00000007e1c00000| 99%| O|  |TAMS 0x00000007e1b00000| PB 0x00000007e1b00000| Untracked 
| 540|0x00000007e1c00000, 0x00000007e1cffff8, 0x00000007e1d00000| 99%| O|  |TAMS 0x00000007e1c00000| PB 0x00000007e1c00000| Untracked 
| 541|0x00000007e1d00000, 0x00000007e1dffff0, 0x00000007e1e00000| 99%| O|  |TAMS 0x00000007e1d00000| PB 0x00000007e1d00000| Untracked 
| 542|0x00000007e1e00000, 0x00000007e1effff0, 0x00000007e1f00000| 99%| O|  |TAMS 0x00000007e1e00000| PB 0x00000007e1e00000| Untracked 
| 543|0x00000007e1f00000, 0x00000007e1fffff0, 0x00000007e2000000| 99%| O|  |TAMS 0x00000007e1f00000| PB 0x00000007e1f00000| Untracked 
| 544|0x00000007e2000000, 0x00000007e20ffff0, 0x00000007e2100000| 99%| O|  |TAMS 0x00000007e2000000| PB 0x00000007e2000000| Untracked 
| 545|0x00000007e2100000, 0x00000007e21ffff0, 0x00000007e2200000| 99%| O|  |TAMS 0x00000007e2100000| PB 0x00000007e2100000| Untracked 
| 546|0x00000007e2200000, 0x00000007e22ffff0, 0x00000007e2300000| 99%| O|  |TAMS 0x00000007e2200000| PB 0x00000007e2200000| Untracked 
| 547|0x00000007e2300000, 0x00000007e23ffff0, 0x00000007e2400000| 99%| O|  |TAMS 0x00000007e2300000| PB 0x00000007e2300000| Untracked 
| 548|0x00000007e2400000, 0x00000007e24ffff0, 0x00000007e2500000| 99%| O|  |TAMS 0x00000007e2400000| PB 0x00000007e2400000| Untracked 
| 549|0x00000007e2500000, 0x00000007e25ffff0, 0x00000007e2600000| 99%| O|  |TAMS 0x00000007e2500000| PB 0x00000007e2500000| Untracked 
| 550|0x00000007e2600000, 0x00000007e26ffff0, 0x00000007e2700000| 99%| O|  |TAMS 0x00000007e2600000| PB 0x00000007e2600000| Untracked 
| 551|0x00000007e2700000, 0x00000007e27ffff0, 0x00000007e2800000| 99%| O|  |TAMS 0x00000007e2700000| PB 0x00000007e2700000| Untracked 
| 552|0x00000007e2800000, 0x00000007e28ffff0, 0x00000007e2900000| 99%| O|  |TAMS 0x00000007e2800000| PB 0x00000007e2800000| Untracked 
| 553|0x00000007e2900000, 0x00000007e29ffff0, 0x00000007e2a00000| 99%| O|  |TAMS 0x00000007e2900000| PB 0x00000007e2900000| Untracked 
| 554|0x00000007e2a00000, 0x00000007e2affff0, 0x00000007e2b00000| 99%| O|  |TAMS 0x00000007e2a00000| PB 0x00000007e2a00000| Untracked 
| 555|0x00000007e2b00000, 0x00000007e2bffff0, 0x00000007e2c00000| 99%| O|  |TAMS 0x00000007e2b00000| PB 0x00000007e2b00000| Untracked 
| 556|0x00000007e2c00000, 0x00000007e2cffff0, 0x00000007e2d00000| 99%| O|  |TAMS 0x00000007e2c00000| PB 0x00000007e2c00000| Untracked 
| 557|0x00000007e2d00000, 0x00000007e2dffff0, 0x00000007e2e00000| 99%| O|  |TAMS 0x00000007e2d00000| PB 0x00000007e2d00000| Untracked 
| 558|0x00000007e2e00000, 0x00000007e2effff0, 0x00000007e2f00000| 99%| O|  |TAMS 0x00000007e2e00000| PB 0x00000007e2e00000| Untracked 
| 559|0x00000007e2f00000, 0x00000007e2fffff0, 0x00000007e3000000| 99%| O|  |TAMS 0x00000007e2f00000| PB 0x00000007e2f00000| Untracked 
| 560|0x00000007e3000000, 0x00000007e30ffff8, 0x00000007e3100000| 99%| O|  |TAMS 0x00000007e3000000| PB 0x00000007e3000000| Untracked 
| 561|0x00000007e3100000, 0x00000007e31ffff0, 0x00000007e3200000| 99%| O|  |TAMS 0x00000007e3100000| PB 0x00000007e3100000| Untracked 
| 562|0x00000007e3200000, 0x00000007e32ffff0, 0x00000007e3300000| 99%| O|  |TAMS 0x00000007e3200000| PB 0x00000007e3200000| Untracked 
| 563|0x00000007e3300000, 0x00000007e33ffff0, 0x00000007e3400000| 99%| O|  |TAMS 0x00000007e3300000| PB 0x00000007e3300000| Untracked 
| 564|0x00000007e3400000, 0x00000007e34ffff0, 0x00000007e3500000| 99%| O|  |TAMS 0x00000007e3400000| PB 0x00000007e3400000| Untracked 
| 565|0x00000007e3500000, 0x00000007e35ffff0, 0x00000007e3600000| 99%| O|  |TAMS 0x00000007e3500000| PB 0x00000007e3500000| Untracked 
| 566|0x00000007e3600000, 0x00000007e36ffff0, 0x00000007e3700000| 99%| O|  |TAMS 0x00000007e3600000| PB 0x00000007e3600000| Untracked 
| 567|0x00000007e3700000, 0x00000007e3800000, 0x00000007e3800000|100%| O|  |TAMS 0x00000007e3700000| PB 0x00000007e3700000| Untracked 
| 568|0x00000007e3800000, 0x00000007e38ffff0, 0x00000007e3900000| 99%| O|  |TAMS 0x00000007e3800000| PB 0x00000007e3800000| Untracked 
| 569|0x00000007e3900000, 0x00000007e39ffff0, 0x00000007e3a00000| 99%| O|  |TAMS 0x00000007e3900000| PB 0x00000007e3900000| Untracked 
| 570|0x00000007e3a00000, 0x00000007e3affff0, 0x00000007e3b00000| 99%| O|  |TAMS 0x00000007e3a00000| PB 0x00000007e3a00000| Untracked 
| 571|0x00000007e3b00000, 0x00000007e3bffff0, 0x00000007e3c00000| 99%| O|  |TAMS 0x00000007e3b00000| PB 0x00000007e3b00000| Untracked 
| 572|0x00000007e3c00000, 0x00000007e3cffff0, 0x00000007e3d00000| 99%| O|  |TAMS 0x00000007e3c00000| PB 0x00000007e3c00000| Untracked 
| 573|0x00000007e3d00000, 0x00000007e3dffff0, 0x00000007e3e00000| 99%| O|  |TAMS 0x00000007e3d00000| PB 0x00000007e3d00000| Untracked 
| 574|0x00000007e3e00000, 0x00000007e3effff0, 0x00000007e3f00000| 99%| O|  |TAMS 0x00000007e3e00000| PB 0x00000007e3e00000| Untracked 
| 575|0x00000007e3f00000, 0x00000007e3fffff0, 0x00000007e4000000| 99%| O|  |TAMS 0x00000007e3f00000| PB 0x00000007e3f00000| Untracked 
| 576|0x00000007e4000000, 0x00000007e40ffff0, 0x00000007e4100000| 99%| O|  |TAMS 0x00000007e4000000| PB 0x00000007e4000000| Untracked 
| 577|0x00000007e4100000, 0x00000007e41ffff0, 0x00000007e4200000| 99%| O|  |TAMS 0x00000007e4100000| PB 0x00000007e4100000| Untracked 
| 578|0x00000007e4200000, 0x00000007e42ffff0, 0x00000007e4300000| 99%| O|  |TAMS 0x00000007e4200000| PB 0x00000007e4200000| Untracked 
| 579|0x00000007e4300000, 0x00000007e43ffff0, 0x00000007e4400000| 99%| O|  |TAMS 0x00000007e4300000| PB 0x00000007e4300000| Untracked 
| 580|0x00000007e4400000, 0x00000007e44ffff0, 0x00000007e4500000| 99%| O|  |TAMS 0x00000007e4400000| PB 0x00000007e4400000| Untracked 
| 581|0x00000007e4500000, 0x00000007e45ffff0, 0x00000007e4600000| 99%| O|  |TAMS 0x00000007e4500000| PB 0x00000007e4500000| Untracked 
| 582|0x00000007e4600000, 0x00000007e46ffff0, 0x00000007e4700000| 99%| O|  |TAMS 0x00000007e4600000| PB 0x00000007e4600000| Untracked 
| 583|0x00000007e4700000, 0x00000007e47ffff0, 0x00000007e4800000| 99%| O|  |TAMS 0x00000007e4700000| PB 0x00000007e4700000| Untracked 
| 584|0x00000007e4800000, 0x00000007e48ffff0, 0x00000007e4900000| 99%| O|  |TAMS 0x00000007e4800000| PB 0x00000007e4800000| Untracked 
| 585|0x00000007e4900000, 0x00000007e49ffff0, 0x00000007e4a00000| 99%| O|  |TAMS 0x00000007e4900000| PB 0x00000007e4900000| Untracked 
| 586|0x00000007e4a00000, 0x00000007e4affff0, 0x00000007e4b00000| 99%| O|  |TAMS 0x00000007e4a00000| PB 0x00000007e4a00000| Untracked 
| 587|0x00000007e4b00000, 0x00000007e4bffff0, 0x00000007e4c00000| 99%| O|  |TAMS 0x00000007e4b00000| PB 0x00000007e4b00000| Untracked 
| 588|0x00000007e4c00000, 0x00000007e4cffff0, 0x00000007e4d00000| 99%| O|  |TAMS 0x00000007e4c00000| PB 0x00000007e4c00000| Untracked 
| 589|0x00000007e4d00000, 0x00000007e4dffff0, 0x00000007e4e00000| 99%| O|  |TAMS 0x00000007e4d00000| PB 0x00000007e4d00000| Untracked 
| 590|0x00000007e4e00000, 0x00000007e4effff0, 0x00000007e4f00000| 99%| O|  |TAMS 0x00000007e4e00000| PB 0x00000007e4e00000| Untracked 
| 591|0x00000007e4f00000, 0x00000007e4fffff0, 0x00000007e5000000| 99%| O|  |TAMS 0x00000007e4f00000| PB 0x00000007e4f00000| Untracked 
| 592|0x00000007e5000000, 0x00000007e50ffff0, 0x00000007e5100000| 99%| O|  |TAMS 0x00000007e5000000| PB 0x00000007e5000000| Untracked 
| 593|0x00000007e5100000, 0x00000007e51ffff0, 0x00000007e5200000| 99%| O|  |TAMS 0x00000007e5100000| PB 0x00000007e5100000| Untracked 
| 594|0x00000007e5200000, 0x00000007e52ffff0, 0x00000007e5300000| 99%| O|  |TAMS 0x00000007e5200000| PB 0x00000007e5200000| Untracked 
| 595|0x00000007e5300000, 0x00000007e5400000, 0x00000007e5400000|100%| O|  |TAMS 0x00000007e5300000| PB 0x00000007e5300000| Untracked 
| 596|0x00000007e5400000, 0x00000007e54ffff0, 0x00000007e5500000| 99%| O|  |TAMS 0x00000007e5400000| PB 0x00000007e5400000| Untracked 
| 597|0x00000007e5500000, 0x00000007e55ffff8, 0x00000007e5600000| 99%| O|  |TAMS 0x00000007e5500000| PB 0x00000007e5500000| Untracked 
| 598|0x00000007e5600000, 0x00000007e56ffff0, 0x00000007e5700000| 99%| O|  |TAMS 0x00000007e5600000| PB 0x00000007e5600000| Untracked 
| 599|0x00000007e5700000, 0x00000007e57ffff8, 0x00000007e5800000| 99%| O|  |TAMS 0x00000007e5700000| PB 0x00000007e5700000| Untracked 
| 600|0x00000007e5800000, 0x00000007e58ffff0, 0x00000007e5900000| 99%| O|  |TAMS 0x00000007e5800000| PB 0x00000007e5800000| Untracked 
| 601|0x00000007e5900000, 0x00000007e59ffff0, 0x00000007e5a00000| 99%| O|  |TAMS 0x00000007e5900000| PB 0x00000007e5900000| Untracked 
| 602|0x00000007e5a00000, 0x00000007e5b00000, 0x00000007e5b00000|100%| O|  |TAMS 0x00000007e5a00000| PB 0x00000007e5a00000| Untracked 
| 603|0x00000007e5b00000, 0x00000007e5bffff0, 0x00000007e5c00000| 99%| O|  |TAMS 0x00000007e5b00000| PB 0x00000007e5b00000| Untracked 
| 604|0x00000007e5c00000, 0x00000007e5cffff0, 0x00000007e5d00000| 99%| O|  |TAMS 0x00000007e5c00000| PB 0x00000007e5c00000| Untracked 
| 605|0x00000007e5d00000, 0x00000007e5dffff0, 0x00000007e5e00000| 99%| O|  |TAMS 0x00000007e5d00000| PB 0x00000007e5d00000| Untracked 
| 606|0x00000007e5e00000, 0x00000007e5effff0, 0x00000007e5f00000| 99%| O|  |TAMS 0x00000007e5e00000| PB 0x00000007e5e00000| Untracked 
| 607|0x00000007e5f00000, 0x00000007e5fffff0, 0x00000007e6000000| 99%| O|  |TAMS 0x00000007e5f00000| PB 0x00000007e5f00000| Untracked 
| 608|0x00000007e6000000, 0x00000007e60ffff0, 0x00000007e6100000| 99%| O|  |TAMS 0x00000007e6000000| PB 0x00000007e6000000| Untracked 
| 609|0x00000007e6100000, 0x00000007e6200000, 0x00000007e6200000|100%| O|  |TAMS 0x00000007e6100000| PB 0x00000007e6100000| Untracked 
| 610|0x00000007e6200000, 0x00000007e62ffff0, 0x00000007e6300000| 99%| O|  |TAMS 0x00000007e6200000| PB 0x00000007e6200000| Untracked 
| 611|0x00000007e6300000, 0x00000007e63ffff0, 0x00000007e6400000| 99%| O|  |TAMS 0x00000007e6300000| PB 0x00000007e6300000| Untracked 
| 612|0x00000007e6400000, 0x00000007e64ffff0, 0x00000007e6500000| 99%| O|  |TAMS 0x00000007e6400000| PB 0x00000007e6400000| Untracked 
| 613|0x00000007e6500000, 0x00000007e65ffff0, 0x00000007e6600000| 99%| O|  |TAMS 0x00000007e6500000| PB 0x00000007e6500000| Untracked 
| 614|0x00000007e6600000, 0x00000007e66ffff0, 0x00000007e6700000| 99%| O|  |TAMS 0x00000007e6600000| PB 0x00000007e6600000| Untracked 
| 615|0x00000007e6700000, 0x00000007e67ffff0, 0x00000007e6800000| 99%| O|  |TAMS 0x00000007e6700000| PB 0x00000007e6700000| Untracked 
| 616|0x00000007e6800000, 0x00000007e68ffff0, 0x00000007e6900000| 99%| O|  |TAMS 0x00000007e6800000| PB 0x00000007e6800000| Untracked 
| 617|0x00000007e6900000, 0x00000007e69ffff8, 0x00000007e6a00000| 99%| O|  |TAMS 0x00000007e6900000| PB 0x00000007e6900000| Untracked 
| 618|0x00000007e6a00000, 0x00000007e6affff0, 0x00000007e6b00000| 99%| O|  |TAMS 0x00000007e6a00000| PB 0x00000007e6a00000| Untracked 
| 619|0x00000007e6b00000, 0x00000007e6bffff0, 0x00000007e6c00000| 99%| O|  |TAMS 0x00000007e6b00000| PB 0x00000007e6b00000| Untracked 
| 620|0x00000007e6c00000, 0x00000007e6cffff0, 0x00000007e6d00000| 99%| O|  |TAMS 0x00000007e6c00000| PB 0x00000007e6c00000| Untracked 
| 621|0x00000007e6d00000, 0x00000007e6dffff0, 0x00000007e6e00000| 99%| O|  |TAMS 0x00000007e6d00000| PB 0x00000007e6d00000| Untracked 
| 622|0x00000007e6e00000, 0x00000007e6effff0, 0x00000007e6f00000| 99%| O|  |TAMS 0x00000007e6e00000| PB 0x00000007e6e00000| Untracked 
| 623|0x00000007e6f00000, 0x00000007e6fffff0, 0x00000007e7000000| 99%| O|  |TAMS 0x00000007e6f00000| PB 0x00000007e6f00000| Untracked 
| 624|0x00000007e7000000, 0x00000007e70ffff0, 0x00000007e7100000| 99%| O|  |TAMS 0x00000007e7000000| PB 0x00000007e7000000| Untracked 
| 625|0x00000007e7100000, 0x00000007e71ffff0, 0x00000007e7200000| 99%| O|  |TAMS 0x00000007e7100000| PB 0x00000007e7100000| Untracked 
| 626|0x00000007e7200000, 0x00000007e72ffff0, 0x00000007e7300000| 99%| O|  |TAMS 0x00000007e7200000| PB 0x00000007e7200000| Untracked 
| 627|0x00000007e7300000, 0x00000007e73ffff0, 0x00000007e7400000| 99%| O|  |TAMS 0x00000007e7300000| PB 0x00000007e7300000| Untracked 
| 628|0x00000007e7400000, 0x00000007e74ffff0, 0x00000007e7500000| 99%| O|  |TAMS 0x00000007e7400000| PB 0x00000007e7400000| Untracked 
| 629|0x00000007e7500000, 0x00000007e75ffff0, 0x00000007e7600000| 99%| O|  |TAMS 0x00000007e7500000| PB 0x00000007e7500000| Untracked 
| 630|0x00000007e7600000, 0x00000007e76ffff0, 0x00000007e7700000| 99%| O|  |TAMS 0x00000007e7600000| PB 0x00000007e7600000| Untracked 
| 631|0x00000007e7700000, 0x00000007e77ffff0, 0x00000007e7800000| 99%| O|  |TAMS 0x00000007e7700000| PB 0x00000007e7700000| Untracked 
| 632|0x00000007e7800000, 0x00000007e78ffff0, 0x00000007e7900000| 99%| O|  |TAMS 0x00000007e7800000| PB 0x00000007e7800000| Untracked 
| 633|0x00000007e7900000, 0x00000007e79ffff0, 0x00000007e7a00000| 99%| O|  |TAMS 0x00000007e7900000| PB 0x00000007e7900000| Untracked 
| 634|0x00000007e7a00000, 0x00000007e7affff0, 0x00000007e7b00000| 99%| O|  |TAMS 0x00000007e7a00000| PB 0x00000007e7a00000| Untracked 
| 635|0x00000007e7b00000, 0x00000007e7bffff0, 0x00000007e7c00000| 99%| O|  |TAMS 0x00000007e7b00000| PB 0x00000007e7b00000| Untracked 
| 636|0x00000007e7c00000, 0x00000007e7cffff0, 0x00000007e7d00000| 99%| O|  |TAMS 0x00000007e7c00000| PB 0x00000007e7c00000| Untracked 
| 637|0x00000007e7d00000, 0x00000007e7dffff0, 0x00000007e7e00000| 99%| O|  |TAMS 0x00000007e7d00000| PB 0x00000007e7d00000| Untracked 
| 638|0x00000007e7e00000, 0x00000007e7effff0, 0x00000007e7f00000| 99%| O|  |TAMS 0x00000007e7e00000| PB 0x00000007e7e00000| Untracked 
| 639|0x00000007e7f00000, 0x00000007e8000000, 0x00000007e8000000|100%| O|  |TAMS 0x00000007e7f00000| PB 0x00000007e7f00000| Untracked 
| 640|0x00000007e8000000, 0x00000007e80ffff8, 0x00000007e8100000| 99%| O|  |TAMS 0x00000007e8000000| PB 0x00000007e8000000| Untracked 
| 641|0x00000007e8100000, 0x00000007e81ffff0, 0x00000007e8200000| 99%| O|  |TAMS 0x00000007e8100000| PB 0x00000007e8100000| Untracked 
| 642|0x00000007e8200000, 0x00000007e82ffff0, 0x00000007e8300000| 99%| O|  |TAMS 0x00000007e8200000| PB 0x00000007e8200000| Untracked 
| 643|0x00000007e8300000, 0x00000007e83ffff0, 0x00000007e8400000| 99%| O|  |TAMS 0x00000007e8300000| PB 0x00000007e8300000| Untracked 
| 644|0x00000007e8400000, 0x00000007e84ffff0, 0x00000007e8500000| 99%| O|  |TAMS 0x00000007e8400000| PB 0x00000007e8400000| Untracked 
| 645|0x00000007e8500000, 0x00000007e85ffff0, 0x00000007e8600000| 99%| O|  |TAMS 0x00000007e8500000| PB 0x00000007e8500000| Untracked 
| 646|0x00000007e8600000, 0x00000007e86ffff0, 0x00000007e8700000| 99%| O|  |TAMS 0x00000007e8600000| PB 0x00000007e8600000| Untracked 
| 647|0x00000007e8700000, 0x00000007e87ffff0, 0x00000007e8800000| 99%| O|  |TAMS 0x00000007e8700000| PB 0x00000007e8700000| Untracked 
| 648|0x00000007e8800000, 0x00000007e8900000, 0x00000007e8900000|100%| O|  |TAMS 0x00000007e8800000| PB 0x00000007e8800000| Untracked 
| 649|0x00000007e8900000, 0x00000007e89fffe0, 0x00000007e8a00000| 99%| O|  |TAMS 0x00000007e8900000| PB 0x00000007e8900000| Untracked 
| 650|0x00000007e8a00000, 0x00000007e8affff0, 0x00000007e8b00000| 99%| O|  |TAMS 0x00000007e8a00000| PB 0x00000007e8a00000| Untracked 
| 651|0x00000007e8b00000, 0x00000007e8bffff0, 0x00000007e8c00000| 99%| O|  |TAMS 0x00000007e8b00000| PB 0x00000007e8b00000| Untracked 
| 652|0x00000007e8c00000, 0x00000007e8cffff0, 0x00000007e8d00000| 99%| O|  |TAMS 0x00000007e8c00000| PB 0x00000007e8c00000| Untracked 
| 653|0x00000007e8d00000, 0x00000007e8dffff0, 0x00000007e8e00000| 99%| O|  |TAMS 0x00000007e8d00000| PB 0x00000007e8d00000| Untracked 
| 654|0x00000007e8e00000, 0x00000007e8effff0, 0x00000007e8f00000| 99%| O|  |TAMS 0x00000007e8e00000| PB 0x00000007e8e00000| Untracked 
| 655|0x00000007e8f00000, 0x00000007e8fffff0, 0x00000007e9000000| 99%| O|  |TAMS 0x00000007e8f00000| PB 0x00000007e8f00000| Untracked 
| 656|0x00000007e9000000, 0x00000007e90ffff0, 0x00000007e9100000| 99%| O|  |TAMS 0x00000007e9000000| PB 0x00000007e9000000| Untracked 
| 657|0x00000007e9100000, 0x00000007e91ffff0, 0x00000007e9200000| 99%| O|  |TAMS 0x00000007e9100000| PB 0x00000007e9100000| Untracked 
| 658|0x00000007e9200000, 0x00000007e92ffff0, 0x00000007e9300000| 99%| O|  |TAMS 0x00000007e9200000| PB 0x00000007e9200000| Untracked 
| 659|0x00000007e9300000, 0x00000007e9400000, 0x00000007e9400000|100%| O|  |TAMS 0x00000007e9300000| PB 0x00000007e9300000| Untracked 
| 660|0x00000007e9400000, 0x00000007e94ffff0, 0x00000007e9500000| 99%| O|  |TAMS 0x00000007e9400000| PB 0x00000007e9400000| Untracked 
| 661|0x00000007e9500000, 0x00000007e95ffff0, 0x00000007e9600000| 99%| O|  |TAMS 0x00000007e9500000| PB 0x00000007e9500000| Untracked 
| 662|0x00000007e9600000, 0x00000007e96ffff0, 0x00000007e9700000| 99%| O|  |TAMS 0x00000007e9600000| PB 0x00000007e9600000| Untracked 
| 663|0x00000007e9700000, 0x00000007e97ffc60, 0x00000007e9800000| 99%| O|  |TAMS 0x00000007e9700000| PB 0x00000007e9700000| Untracked 
| 664|0x00000007e9800000, 0x00000007e98fff50, 0x00000007e9900000| 99%| O|  |TAMS 0x00000007e9800000| PB 0x00000007e9800000| Untracked 
| 665|0x00000007e9900000, 0x00000007e99fff48, 0x00000007e9a00000| 99%| O|  |TAMS 0x00000007e9900000| PB 0x00000007e9900000| Untracked 
| 666|0x00000007e9a00000, 0x00000007e9affff0, 0x00000007e9b00000| 99%| O|  |TAMS 0x00000007e9a00000| PB 0x00000007e9a00000| Untracked 
| 667|0x00000007e9b00000, 0x00000007e9bffff0, 0x00000007e9c00000| 99%| O|  |TAMS 0x00000007e9b00000| PB 0x00000007e9b00000| Untracked 
| 668|0x00000007e9c00000, 0x00000007e9cffff0, 0x00000007e9d00000| 99%| O|  |TAMS 0x00000007e9c00000| PB 0x00000007e9c00000| Untracked 
| 669|0x00000007e9d00000, 0x00000007e9dffff0, 0x00000007e9e00000| 99%| O|  |TAMS 0x00000007e9d00000| PB 0x00000007e9d00000| Untracked 
| 670|0x00000007e9e00000, 0x00000007e9effff0, 0x00000007e9f00000| 99%| O|  |TAMS 0x00000007e9e00000| PB 0x00000007e9e00000| Untracked 
| 671|0x00000007e9f00000, 0x00000007e9fffff0, 0x00000007ea000000| 99%| O|  |TAMS 0x00000007e9f00000| PB 0x00000007e9f00000| Untracked 
| 672|0x00000007ea000000, 0x00000007ea0ffff0, 0x00000007ea100000| 99%| O|  |TAMS 0x00000007ea000000| PB 0x00000007ea000000| Untracked 
| 673|0x00000007ea100000, 0x00000007ea1ffff8, 0x00000007ea200000| 99%| O|  |TAMS 0x00000007ea100000| PB 0x00000007ea100000| Untracked 
| 674|0x00000007ea200000, 0x00000007ea2ffff0, 0x00000007ea300000| 99%| O|  |TAMS 0x00000007ea200000| PB 0x00000007ea200000| Untracked 
| 675|0x00000007ea300000, 0x00000007ea3ffff8, 0x00000007ea400000| 99%| O|  |TAMS 0x00000007ea300000| PB 0x00000007ea300000| Untracked 
| 676|0x00000007ea400000, 0x00000007ea4ffff0, 0x00000007ea500000| 99%| O|  |TAMS 0x00000007ea400000| PB 0x00000007ea400000| Untracked 
| 677|0x00000007ea500000, 0x00000007ea5ffff0, 0x00000007ea600000| 99%| O|  |TAMS 0x00000007ea500000| PB 0x00000007ea500000| Untracked 
| 678|0x00000007ea600000, 0x00000007ea6ffff0, 0x00000007ea700000| 99%| O|  |TAMS 0x00000007ea600000| PB 0x00000007ea600000| Untracked 
| 679|0x00000007ea700000, 0x00000007ea7ffff0, 0x00000007ea800000| 99%| O|  |TAMS 0x00000007ea700000| PB 0x00000007ea700000| Untracked 
| 680|0x00000007ea800000, 0x00000007ea8ffff0, 0x00000007ea900000| 99%| O|  |TAMS 0x00000007ea800000| PB 0x00000007ea800000| Untracked 
| 681|0x00000007ea900000, 0x00000007ea9ffff0, 0x00000007eaa00000| 99%| O|  |TAMS 0x00000007ea900000| PB 0x00000007ea900000| Untracked 
| 682|0x00000007eaa00000, 0x00000007eaaffff0, 0x00000007eab00000| 99%| O|  |TAMS 0x00000007eaa00000| PB 0x00000007eaa00000| Untracked 
| 683|0x00000007eab00000, 0x00000007eabffff0, 0x00000007eac00000| 99%| O|  |TAMS 0x00000007eab00000| PB 0x00000007eab00000| Untracked 
| 684|0x00000007eac00000, 0x00000007eacffff0, 0x00000007ead00000| 99%| O|  |TAMS 0x00000007eac00000| PB 0x00000007eac00000| Untracked 
| 685|0x00000007ead00000, 0x00000007eadffff0, 0x00000007eae00000| 99%| O|  |TAMS 0x00000007ead00000| PB 0x00000007ead00000| Untracked 
| 686|0x00000007eae00000, 0x00000007eaeffff8, 0x00000007eaf00000| 99%| O|  |TAMS 0x00000007eae00000| PB 0x00000007eae00000| Untracked 
| 687|0x00000007eaf00000, 0x00000007eafffff0, 0x00000007eb000000| 99%| O|  |TAMS 0x00000007eaf00000| PB 0x00000007eaf00000| Untracked 
| 688|0x00000007eb000000, 0x00000007eb0ffff0, 0x00000007eb100000| 99%| O|  |TAMS 0x00000007eb000000| PB 0x00000007eb000000| Untracked 
| 689|0x00000007eb100000, 0x00000007eb1ffff0, 0x00000007eb200000| 99%| O|  |TAMS 0x00000007eb100000| PB 0x00000007eb100000| Untracked 
| 690|0x00000007eb200000, 0x00000007eb2ffff0, 0x00000007eb300000| 99%| O|  |TAMS 0x00000007eb200000| PB 0x00000007eb200000| Untracked 
| 691|0x00000007eb300000, 0x00000007eb3ffff0, 0x00000007eb400000| 99%| O|  |TAMS 0x00000007eb300000| PB 0x00000007eb300000| Untracked 
| 692|0x00000007eb400000, 0x00000007eb4ffff0, 0x00000007eb500000| 99%| O|  |TAMS 0x00000007eb400000| PB 0x00000007eb400000| Untracked 
| 693|0x00000007eb500000, 0x00000007eb600000, 0x00000007eb600000|100%| O|  |TAMS 0x00000007eb500000| PB 0x00000007eb500000| Untracked 
| 694|0x00000007eb600000, 0x00000007eb700000, 0x00000007eb700000|100%| O|  |TAMS 0x00000007eb600000| PB 0x00000007eb600000| Untracked 
| 695|0x00000007eb700000, 0x00000007eb7ffff8, 0x00000007eb800000| 99%| O|  |TAMS 0x00000007eb700000| PB 0x00000007eb700000| Untracked 
| 696|0x00000007eb800000, 0x00000007eb8ffff0, 0x00000007eb900000| 99%| O|  |TAMS 0x00000007eb800000| PB 0x00000007eb800000| Untracked 
| 697|0x00000007eb900000, 0x00000007eb9ffff0, 0x00000007eba00000| 99%| O|  |TAMS 0x00000007eb900000| PB 0x00000007eb900000| Untracked 
| 698|0x00000007eba00000, 0x00000007ebaffff0, 0x00000007ebb00000| 99%| O|  |TAMS 0x00000007eba00000| PB 0x00000007eba00000| Untracked 
| 699|0x00000007ebb00000, 0x00000007ebbffff0, 0x00000007ebc00000| 99%| O|  |TAMS 0x00000007ebb00000| PB 0x00000007ebb00000| Untracked 
| 700|0x00000007ebc00000, 0x00000007ebcffff8, 0x00000007ebd00000| 99%| O|  |TAMS 0x00000007ebc00000| PB 0x00000007ebc00000| Untracked 
| 701|0x00000007ebd00000, 0x00000007ebdffff0, 0x00000007ebe00000| 99%| O|  |TAMS 0x00000007ebd00000| PB 0x00000007ebd00000| Untracked 
| 702|0x00000007ebe00000, 0x00000007ebeffff0, 0x00000007ebf00000| 99%| O|  |TAMS 0x00000007ebe00000| PB 0x00000007ebe00000| Untracked 
| 703|0x00000007ebf00000, 0x00000007ebfffff0, 0x00000007ec000000| 99%| O|  |TAMS 0x00000007ebf00000| PB 0x00000007ebf00000| Untracked 
| 704|0x00000007ec000000, 0x00000007ec0ffff0, 0x00000007ec100000| 99%| O|  |TAMS 0x00000007ec000000| PB 0x00000007ec000000| Untracked 
| 705|0x00000007ec100000, 0x00000007ec1ffff0, 0x00000007ec200000| 99%| O|  |TAMS 0x00000007ec100000| PB 0x00000007ec100000| Untracked 
| 706|0x00000007ec200000, 0x00000007ec2ffff0, 0x00000007ec300000| 99%| O|  |TAMS 0x00000007ec200000| PB 0x00000007ec200000| Untracked 
| 707|0x00000007ec300000, 0x00000007ec3ffff0, 0x00000007ec400000| 99%| O|  |TAMS 0x00000007ec300000| PB 0x00000007ec300000| Untracked 
| 708|0x00000007ec400000, 0x00000007ec4ffff0, 0x00000007ec500000| 99%| O|  |TAMS 0x00000007ec400000| PB 0x00000007ec400000| Untracked 
| 709|0x00000007ec500000, 0x00000007ec5fffe8, 0x00000007ec600000| 99%| O|  |TAMS 0x00000007ec500000| PB 0x00000007ec500000| Untracked 
| 710|0x00000007ec600000, 0x00000007ec6ffff0, 0x00000007ec700000| 99%| O|  |TAMS 0x00000007ec600000| PB 0x00000007ec600000| Untracked 
| 711|0x00000007ec700000, 0x00000007ec7ffff0, 0x00000007ec800000| 99%| O|  |TAMS 0x00000007ec700000| PB 0x00000007ec700000| Untracked 
| 712|0x00000007ec800000, 0x00000007ec8ffff0, 0x00000007ec900000| 99%| O|  |TAMS 0x00000007ec800000| PB 0x00000007ec800000| Untracked 
| 713|0x00000007ec900000, 0x00000007eca00000, 0x00000007eca00000|100%| O|  |TAMS 0x00000007ec900000| PB 0x00000007ec900000| Untracked 
| 714|0x00000007eca00000, 0x00000007ecaffff0, 0x00000007ecb00000| 99%| O|  |TAMS 0x00000007eca00000| PB 0x00000007eca00000| Untracked 
| 715|0x00000007ecb00000, 0x00000007ecbffff0, 0x00000007ecc00000| 99%| O|  |TAMS 0x00000007ecb00000| PB 0x00000007ecb00000| Untracked 
| 716|0x00000007ecc00000, 0x00000007eccffff0, 0x00000007ecd00000| 99%| O|  |TAMS 0x00000007ecc00000| PB 0x00000007ecc00000| Untracked 
| 717|0x00000007ecd00000, 0x00000007ecdffff8, 0x00000007ece00000| 99%| O|  |TAMS 0x00000007ecd00000| PB 0x00000007ecd00000| Untracked 
| 718|0x00000007ece00000, 0x00000007eceffff8, 0x00000007ecf00000| 99%| O|  |TAMS 0x00000007ece00000| PB 0x00000007ece00000| Untracked 
| 719|0x00000007ecf00000, 0x00000007ecfffff0, 0x00000007ed000000| 99%| O|  |TAMS 0x00000007ecf00000| PB 0x00000007ecf00000| Untracked 
| 720|0x00000007ed000000, 0x00000007ed0ffff0, 0x00000007ed100000| 99%| O|  |TAMS 0x00000007ed000000| PB 0x00000007ed000000| Untracked 
| 721|0x00000007ed100000, 0x00000007ed1ffff0, 0x00000007ed200000| 99%| O|  |TAMS 0x00000007ed100000| PB 0x00000007ed100000| Untracked 
| 722|0x00000007ed200000, 0x00000007ed2ffff0, 0x00000007ed300000| 99%| O|  |TAMS 0x00000007ed200000| PB 0x00000007ed200000| Untracked 
| 723|0x00000007ed300000, 0x00000007ed3ffff8, 0x00000007ed400000| 99%| O|  |TAMS 0x00000007ed300000| PB 0x00000007ed300000| Untracked 
| 724|0x00000007ed400000, 0x00000007ed4ffff0, 0x00000007ed500000| 99%| O|  |TAMS 0x00000007ed400000| PB 0x00000007ed400000| Untracked 
| 725|0x00000007ed500000, 0x00000007ed5ffff0, 0x00000007ed600000| 99%| O|  |TAMS 0x00000007ed500000| PB 0x00000007ed500000| Untracked 
| 726|0x00000007ed600000, 0x00000007ed700000, 0x00000007ed700000|100%| O|  |TAMS 0x00000007ed600000| PB 0x00000007ed600000| Untracked 
| 727|0x00000007ed700000, 0x00000007ed800000, 0x00000007ed800000|100%| O|  |TAMS 0x00000007ed700000| PB 0x00000007ed700000| Untracked 
| 728|0x00000007ed800000, 0x00000007ed900000, 0x00000007ed900000|100%| O|  |TAMS 0x00000007ed800000| PB 0x00000007ed800000| Untracked 
| 729|0x00000007ed900000, 0x00000007ed9ffff0, 0x00000007eda00000| 99%| O|  |TAMS 0x00000007ed900000| PB 0x00000007ed900000| Untracked 
| 730|0x00000007eda00000, 0x00000007edaffff0, 0x00000007edb00000| 99%| O|  |TAMS 0x00000007eda00000| PB 0x00000007eda00000| Untracked 
| 731|0x00000007edb00000, 0x00000007edbffff0, 0x00000007edc00000| 99%| O|  |TAMS 0x00000007edb00000| PB 0x00000007edb00000| Untracked 
| 732|0x00000007edc00000, 0x00000007edcffff0, 0x00000007edd00000| 99%| O|  |TAMS 0x00000007edc00000| PB 0x00000007edc00000| Untracked 
| 733|0x00000007edd00000, 0x00000007eddffff0, 0x00000007ede00000| 99%| O|  |TAMS 0x00000007edd00000| PB 0x00000007edd00000| Untracked 
| 734|0x00000007ede00000, 0x00000007edeffff0, 0x00000007edf00000| 99%| O|  |TAMS 0x00000007ede00000| PB 0x00000007ede00000| Untracked 
| 735|0x00000007edf00000, 0x00000007edffffe8, 0x00000007ee000000| 99%| O|  |TAMS 0x00000007edf00000| PB 0x00000007edf00000| Untracked 
| 736|0x00000007ee000000, 0x00000007ee0ffff8, 0x00000007ee100000| 99%| O|  |TAMS 0x00000007ee000000| PB 0x00000007ee000000| Untracked 
| 737|0x00000007ee100000, 0x00000007ee200000, 0x00000007ee200000|100%| O|  |TAMS 0x00000007ee100000| PB 0x00000007ee100000| Untracked 
| 738|0x00000007ee200000, 0x00000007ee2ffff8, 0x00000007ee300000| 99%| O|  |TAMS 0x00000007ee200000| PB 0x00000007ee200000| Untracked 
| 739|0x00000007ee300000, 0x00000007ee3ffff0, 0x00000007ee400000| 99%| O|  |TAMS 0x00000007ee300000| PB 0x00000007ee300000| Untracked 
| 740|0x00000007ee400000, 0x00000007ee4ffff0, 0x00000007ee500000| 99%| O|  |TAMS 0x00000007ee400000| PB 0x00000007ee400000| Untracked 
| 741|0x00000007ee500000, 0x00000007ee5ffff0, 0x00000007ee600000| 99%| O|  |TAMS 0x00000007ee500000| PB 0x00000007ee500000| Untracked 
| 742|0x00000007ee600000, 0x00000007ee6ffff0, 0x00000007ee700000| 99%| O|  |TAMS 0x00000007ee600000| PB 0x00000007ee600000| Untracked 
| 743|0x00000007ee700000, 0x00000007ee7ffff0, 0x00000007ee800000| 99%| O|  |TAMS 0x00000007ee700000| PB 0x00000007ee700000| Untracked 
| 744|0x00000007ee800000, 0x00000007ee8ffff0, 0x00000007ee900000| 99%| O|  |TAMS 0x00000007ee800000| PB 0x00000007ee800000| Untracked 
| 745|0x00000007ee900000, 0x00000007eea00000, 0x00000007eea00000|100%| O|  |TAMS 0x00000007ee900000| PB 0x00000007ee900000| Untracked 
| 746|0x00000007eea00000, 0x00000007eeaffff0, 0x00000007eeb00000| 99%| O|  |TAMS 0x00000007eea00000| PB 0x00000007eea00000| Untracked 
| 747|0x00000007eeb00000, 0x00000007eebffff0, 0x00000007eec00000| 99%| O|  |TAMS 0x00000007eeb00000| PB 0x00000007eeb00000| Untracked 
| 748|0x00000007eec00000, 0x00000007eed00000, 0x00000007eed00000|100%| O|  |TAMS 0x00000007eec00000| PB 0x00000007eec00000| Untracked 
| 749|0x00000007eed00000, 0x00000007eedffff0, 0x00000007eee00000| 99%| O|  |TAMS 0x00000007eed00000| PB 0x00000007eed00000| Untracked 
| 750|0x00000007eee00000, 0x00000007eeeffff0, 0x00000007eef00000| 99%| O|  |TAMS 0x00000007eee00000| PB 0x00000007eee00000| Untracked 
| 751|0x00000007eef00000, 0x00000007eefffff0, 0x00000007ef000000| 99%| O|  |TAMS 0x00000007eef00000| PB 0x00000007eef00000| Untracked 
| 752|0x00000007ef000000, 0x00000007ef0ffff0, 0x00000007ef100000| 99%| O|  |TAMS 0x00000007ef000000| PB 0x00000007ef000000| Untracked 
| 753|0x00000007ef100000, 0x00000007ef1ffff0, 0x00000007ef200000| 99%| O|  |TAMS 0x00000007ef100000| PB 0x00000007ef100000| Untracked 
| 754|0x00000007ef200000, 0x00000007ef2ffff0, 0x00000007ef300000| 99%| O|  |TAMS 0x00000007ef200000| PB 0x00000007ef200000| Untracked 
| 755|0x00000007ef300000, 0x00000007ef3ffff8, 0x00000007ef400000| 99%| O|  |TAMS 0x00000007ef300000| PB 0x00000007ef300000| Untracked 
| 756|0x00000007ef400000, 0x00000007ef4ffff0, 0x00000007ef500000| 99%| O|  |TAMS 0x00000007ef400000| PB 0x00000007ef400000| Untracked 
| 757|0x00000007ef500000, 0x00000007ef600000, 0x00000007ef600000|100%| O|  |TAMS 0x00000007ef500000| PB 0x00000007ef500000| Untracked 
| 758|0x00000007ef600000, 0x00000007ef6ffff0, 0x00000007ef700000| 99%| O|  |TAMS 0x00000007ef600000| PB 0x00000007ef600000| Untracked 
| 759|0x00000007ef700000, 0x00000007ef800000, 0x00000007ef800000|100%| O|  |TAMS 0x00000007ef700000| PB 0x00000007ef700000| Untracked 
| 760|0x00000007ef800000, 0x00000007ef8ffff0, 0x00000007ef900000| 99%| O|  |TAMS 0x00000007ef800000| PB 0x00000007ef800000| Untracked 
| 761|0x00000007ef900000, 0x00000007ef9ffff0, 0x00000007efa00000| 99%| O|  |TAMS 0x00000007ef900000| PB 0x00000007ef900000| Untracked 
| 762|0x00000007efa00000, 0x00000007efaffff0, 0x00000007efb00000| 99%| O|  |TAMS 0x00000007efa00000| PB 0x00000007efa00000| Untracked 
| 763|0x00000007efb00000, 0x00000007efbffff0, 0x00000007efc00000| 99%| O|  |TAMS 0x00000007efb00000| PB 0x00000007efb00000| Untracked 
| 764|0x00000007efc00000, 0x00000007efcffff0, 0x00000007efd00000| 99%| O|  |TAMS 0x00000007efc00000| PB 0x00000007efc00000| Untracked 
| 765|0x00000007efd00000, 0x00000007efdffff0, 0x00000007efe00000| 99%| O|  |TAMS 0x00000007efd00000| PB 0x00000007efd00000| Untracked 
| 766|0x00000007efe00000, 0x00000007eff00000, 0x00000007eff00000|100%| O|  |TAMS 0x00000007efe00000| PB 0x00000007efe00000| Untracked 
| 767|0x00000007eff00000, 0x00000007effffff8, 0x00000007f0000000| 99%| O|  |TAMS 0x00000007eff00000| PB 0x00000007eff00000| Untracked 
| 768|0x00000007f0000000, 0x00000007f00ffff0, 0x00000007f0100000| 99%| O|  |TAMS 0x00000007f0000000| PB 0x00000007f0000000| Untracked 
| 769|0x00000007f0100000, 0x00000007f01ffff0, 0x00000007f0200000| 99%| O|  |TAMS 0x00000007f0100000| PB 0x00000007f0100000| Untracked 
| 770|0x00000007f0200000, 0x00000007f02ffff0, 0x00000007f0300000| 99%| O|  |TAMS 0x00000007f0200000| PB 0x00000007f0200000| Untracked 
| 771|0x00000007f0300000, 0x00000007f03ffff0, 0x00000007f0400000| 99%| O|  |TAMS 0x00000007f0300000| PB 0x00000007f0300000| Untracked 
| 772|0x00000007f0400000, 0x00000007f04ffff0, 0x00000007f0500000| 99%| O|  |TAMS 0x00000007f0400000| PB 0x00000007f0400000| Untracked 
| 773|0x00000007f0500000, 0x00000007f05ffff0, 0x00000007f0600000| 99%| O|  |TAMS 0x00000007f0500000| PB 0x00000007f0500000| Untracked 
| 774|0x00000007f0600000, 0x00000007f06ffff0, 0x00000007f0700000| 99%| O|  |TAMS 0x00000007f0600000| PB 0x00000007f0600000| Untracked 
| 775|0x00000007f0700000, 0x00000007f07ffff0, 0x00000007f0800000| 99%| O|  |TAMS 0x00000007f0700000| PB 0x00000007f0700000| Untracked 
| 776|0x00000007f0800000, 0x00000007f08fffe8, 0x00000007f0900000| 99%| O|  |TAMS 0x00000007f0800000| PB 0x00000007f0800000| Untracked 
| 777|0x00000007f0900000, 0x00000007f09ffff8, 0x00000007f0a00000| 99%| O|  |TAMS 0x00000007f0900000| PB 0x00000007f0900000| Untracked 
| 778|0x00000007f0a00000, 0x00000007f0affff0, 0x00000007f0b00000| 99%| O|  |TAMS 0x00000007f0a00000| PB 0x00000007f0a00000| Untracked 
| 779|0x00000007f0b00000, 0x00000007f0bffff0, 0x00000007f0c00000| 99%| O|  |TAMS 0x00000007f0b00000| PB 0x00000007f0b00000| Untracked 
| 780|0x00000007f0c00000, 0x00000007f0cffff0, 0x00000007f0d00000| 99%| O|  |TAMS 0x00000007f0c00000| PB 0x00000007f0c00000| Untracked 
| 781|0x00000007f0d00000, 0x00000007f0e00000, 0x00000007f0e00000|100%| O|  |TAMS 0x00000007f0d00000| PB 0x00000007f0d00000| Untracked 
| 782|0x00000007f0e00000, 0x00000007f0effff0, 0x00000007f0f00000| 99%| O|  |TAMS 0x00000007f0e00000| PB 0x00000007f0e00000| Untracked 
| 783|0x00000007f0f00000, 0x00000007f0fffff0, 0x00000007f1000000| 99%| O|  |TAMS 0x00000007f0f00000| PB 0x00000007f0f00000| Untracked 
| 784|0x00000007f1000000, 0x00000007f10ffff0, 0x00000007f1100000| 99%| O|  |TAMS 0x00000007f1000000| PB 0x00000007f1000000| Untracked 
| 785|0x00000007f1100000, 0x00000007f1200000, 0x00000007f1200000|100%| O|  |TAMS 0x00000007f1100000| PB 0x00000007f1100000| Untracked 
| 786|0x00000007f1200000, 0x00000007f1300000, 0x00000007f1300000|100%| O|  |TAMS 0x00000007f1200000| PB 0x00000007f1200000| Untracked 
| 787|0x00000007f1300000, 0x00000007f1400000, 0x00000007f1400000|100%| O|  |TAMS 0x00000007f1300000| PB 0x00000007f1300000| Untracked 
| 788|0x00000007f1400000, 0x00000007f1500000, 0x00000007f1500000|100%| O|  |TAMS 0x00000007f1400000| PB 0x00000007f1400000| Untracked 
| 789|0x00000007f1500000, 0x00000007f15ffff0, 0x00000007f1600000| 99%| O|  |TAMS 0x00000007f1500000| PB 0x00000007f1500000| Untracked 
| 790|0x00000007f1600000, 0x00000007f16ffff0, 0x00000007f1700000| 99%| O|  |TAMS 0x00000007f1600000| PB 0x00000007f1600000| Untracked 
| 791|0x00000007f1700000, 0x00000007f17ffff0, 0x00000007f1800000| 99%| O|  |TAMS 0x00000007f1700000| PB 0x00000007f1700000| Untracked 
| 792|0x00000007f1800000, 0x00000007f18ffff0, 0x00000007f1900000| 99%| O|  |TAMS 0x00000007f1800000| PB 0x00000007f1800000| Untracked 
| 793|0x00000007f1900000, 0x00000007f19ffff0, 0x00000007f1a00000| 99%| O|  |TAMS 0x00000007f1900000| PB 0x00000007f1900000| Untracked 
| 794|0x00000007f1a00000, 0x00000007f1affff0, 0x00000007f1b00000| 99%| O|  |TAMS 0x00000007f1a00000| PB 0x00000007f1a00000| Untracked 
| 795|0x00000007f1b00000, 0x00000007f1bffff0, 0x00000007f1c00000| 99%| O|  |TAMS 0x00000007f1b00000| PB 0x00000007f1b00000| Untracked 
| 796|0x00000007f1c00000, 0x00000007f1cfffa8, 0x00000007f1d00000| 99%| O|  |TAMS 0x00000007f1c00000| PB 0x00000007f1c00000| Untracked 
| 797|0x00000007f1d00000, 0x00000007f1dffff0, 0x00000007f1e00000| 99%| O|  |TAMS 0x00000007f1d00000| PB 0x00000007f1d00000| Untracked 
| 798|0x00000007f1e00000, 0x00000007f1effff0, 0x00000007f1f00000| 99%| O|  |TAMS 0x00000007f1e00000| PB 0x00000007f1e00000| Untracked 
| 799|0x00000007f1f00000, 0x00000007f2000000, 0x00000007f2000000|100%| O|  |TAMS 0x00000007f1f00000| PB 0x00000007f1f00000| Untracked 
| 800|0x00000007f2000000, 0x00000007f20ffff0, 0x00000007f2100000| 99%| O|  |TAMS 0x00000007f2000000| PB 0x00000007f2000000| Untracked 
| 801|0x00000007f2100000, 0x00000007f21ffff0, 0x00000007f2200000| 99%| O|  |TAMS 0x00000007f2100000| PB 0x00000007f2100000| Untracked 
| 802|0x00000007f2200000, 0x00000007f22ffff0, 0x00000007f2300000| 99%| O|  |TAMS 0x00000007f2200000| PB 0x00000007f2200000| Untracked 
| 803|0x00000007f2300000, 0x00000007f23ffff0, 0x00000007f2400000| 99%| O|  |TAMS 0x00000007f2300000| PB 0x00000007f2300000| Untracked 
| 804|0x00000007f2400000, 0x00000007f24ffff0, 0x00000007f2500000| 99%| O|  |TAMS 0x00000007f2400000| PB 0x00000007f2400000| Untracked 
| 805|0x00000007f2500000, 0x00000007f25ffff8, 0x00000007f2600000| 99%| O|  |TAMS 0x00000007f2500000| PB 0x00000007f2500000| Untracked 
| 806|0x00000007f2600000, 0x00000007f26ffff8, 0x00000007f2700000| 99%| O|  |TAMS 0x00000007f2600000| PB 0x00000007f2600000| Untracked 
| 807|0x00000007f2700000, 0x00000007f27ffff0, 0x00000007f2800000| 99%| O|  |TAMS 0x00000007f2700000| PB 0x00000007f2700000| Untracked 
| 808|0x00000007f2800000, 0x00000007f28ffff0, 0x00000007f2900000| 99%| O|  |TAMS 0x00000007f2800000| PB 0x00000007f2800000| Untracked 
| 809|0x00000007f2900000, 0x00000007f29ffff8, 0x00000007f2a00000| 99%| O|  |TAMS 0x00000007f2900000| PB 0x00000007f2900000| Untracked 
| 810|0x00000007f2a00000, 0x00000007f2affff0, 0x00000007f2b00000| 99%| O|  |TAMS 0x00000007f2a00000| PB 0x00000007f2a00000| Untracked 
| 811|0x00000007f2b00000, 0x00000007f2c00000, 0x00000007f2c00000|100%| O|  |TAMS 0x00000007f2b00000| PB 0x00000007f2b00000| Untracked 
| 812|0x00000007f2c00000, 0x00000007f2cffff0, 0x00000007f2d00000| 99%| O|  |TAMS 0x00000007f2c00000| PB 0x00000007f2c00000| Untracked 
| 813|0x00000007f2d00000, 0x00000007f2dffff8, 0x00000007f2e00000| 99%| O|  |TAMS 0x00000007f2d00000| PB 0x00000007f2d00000| Untracked 
| 814|0x00000007f2e00000, 0x00000007f2effff0, 0x00000007f2f00000| 99%| O|  |TAMS 0x00000007f2e00000| PB 0x00000007f2e00000| Untracked 
| 815|0x00000007f2f00000, 0x00000007f3000000, 0x00000007f3000000|100%| O|  |TAMS 0x00000007f2f00000| PB 0x00000007f2f00000| Untracked 
| 816|0x00000007f3000000, 0x00000007f30ffff0, 0x00000007f3100000| 99%| O|  |TAMS 0x00000007f3000000| PB 0x00000007f3000000| Untracked 
| 817|0x00000007f3100000, 0x00000007f31ffff0, 0x00000007f3200000| 99%| O|  |TAMS 0x00000007f3100000| PB 0x00000007f3100000| Untracked 
| 818|0x00000007f3200000, 0x00000007f32ffff0, 0x00000007f3300000| 99%| O|  |TAMS 0x00000007f3200000| PB 0x00000007f3200000| Untracked 
| 819|0x00000007f3300000, 0x00000007f33fff88, 0x00000007f3400000| 99%| O|  |TAMS 0x00000007f3300000| PB 0x00000007f3300000| Untracked 
| 820|0x00000007f3400000, 0x00000007f34ffff8, 0x00000007f3500000| 99%| O|  |TAMS 0x00000007f3400000| PB 0x00000007f3400000| Untracked 
| 821|0x00000007f3500000, 0x00000007f3600000, 0x00000007f3600000|100%| O|  |TAMS 0x00000007f3500000| PB 0x00000007f3500000| Untracked 
| 822|0x00000007f3600000, 0x00000007f36ffff0, 0x00000007f3700000| 99%| O|  |TAMS 0x00000007f3600000| PB 0x00000007f3600000| Untracked 
| 823|0x00000007f3700000, 0x00000007f37ffff0, 0x00000007f3800000| 99%| O|  |TAMS 0x00000007f3700000| PB 0x00000007f3700000| Untracked 
| 824|0x00000007f3800000, 0x00000007f3900000, 0x00000007f3900000|100%| O|  |TAMS 0x00000007f3800000| PB 0x00000007f3800000| Untracked 
| 825|0x00000007f3900000, 0x00000007f39ffff0, 0x00000007f3a00000| 99%| O|  |TAMS 0x00000007f3900000| PB 0x00000007f3900000| Untracked 
| 826|0x00000007f3a00000, 0x00000007f3b00000, 0x00000007f3b00000|100%| O|  |TAMS 0x00000007f3a00000| PB 0x00000007f3a00000| Untracked 
| 827|0x00000007f3b00000, 0x00000007f3bffff0, 0x00000007f3c00000| 99%| O|  |TAMS 0x00000007f3b00000| PB 0x00000007f3b00000| Untracked 
| 828|0x00000007f3c00000, 0x00000007f3d00000, 0x00000007f3d00000|100%| O|  |TAMS 0x00000007f3c00000| PB 0x00000007f3c00000| Untracked 
| 829|0x00000007f3d00000, 0x00000007f3dffff0, 0x00000007f3e00000| 99%| O|  |TAMS 0x00000007f3d00000| PB 0x00000007f3d00000| Untracked 
| 830|0x00000007f3e00000, 0x00000007f3effff0, 0x00000007f3f00000| 99%| O|  |TAMS 0x00000007f3e00000| PB 0x00000007f3e00000| Untracked 
| 831|0x00000007f3f00000, 0x00000007f4000000, 0x00000007f4000000|100%| O|  |TAMS 0x00000007f3f00000| PB 0x00000007f3f00000| Untracked 
| 832|0x00000007f4000000, 0x00000007f40ffff8, 0x00000007f4100000| 99%| O|  |TAMS 0x00000007f4000000| PB 0x00000007f4000000| Untracked 
| 833|0x00000007f4100000, 0x00000007f41ffff0, 0x00000007f4200000| 99%| O|  |TAMS 0x00000007f4100000| PB 0x00000007f4100000| Untracked 
| 834|0x00000007f4200000, 0x00000007f42ffff8, 0x00000007f4300000| 99%| O|  |TAMS 0x00000007f4200000| PB 0x00000007f4200000| Untracked 
| 835|0x00000007f4300000, 0x00000007f43ffff8, 0x00000007f4400000| 99%| O|  |TAMS 0x00000007f4300000| PB 0x00000007f4300000| Untracked 
| 836|0x00000007f4400000, 0x00000007f4500000, 0x00000007f4500000|100%| O|  |TAMS 0x00000007f4400000| PB 0x00000007f4400000| Untracked 
| 837|0x00000007f4500000, 0x00000007f45ffff0, 0x00000007f4600000| 99%| O|  |TAMS 0x00000007f4500000| PB 0x00000007f4500000| Untracked 
| 838|0x00000007f4600000, 0x00000007f4700000, 0x00000007f4700000|100%| O|  |TAMS 0x00000007f4600000| PB 0x00000007f4600000| Untracked 
| 839|0x00000007f4700000, 0x00000007f47ffff0, 0x00000007f4800000| 99%| O|  |TAMS 0x00000007f4700000| PB 0x00000007f4700000| Untracked 
| 840|0x00000007f4800000, 0x00000007f48ffff8, 0x00000007f4900000| 99%| O|  |TAMS 0x00000007f4800000| PB 0x00000007f4800000| Untracked 
| 841|0x00000007f4900000, 0x00000007f49fffb8, 0x00000007f4a00000| 99%| O|  |TAMS 0x00000007f4900000| PB 0x00000007f4900000| Untracked 
| 842|0x00000007f4a00000, 0x00000007f4affff0, 0x00000007f4b00000| 99%| O|  |TAMS 0x00000007f4a00000| PB 0x00000007f4a00000| Untracked 
| 843|0x00000007f4b00000, 0x00000007f4bffff0, 0x00000007f4c00000| 99%| O|  |TAMS 0x00000007f4b00000| PB 0x00000007f4b00000| Untracked 
| 844|0x00000007f4c00000, 0x00000007f4cffff0, 0x00000007f4d00000| 99%| O|  |TAMS 0x00000007f4c00000| PB 0x00000007f4c00000| Untracked 
| 845|0x00000007f4d00000, 0x00000007f4dffff0, 0x00000007f4e00000| 99%| O|  |TAMS 0x00000007f4d00000| PB 0x00000007f4d00000| Untracked 
| 846|0x00000007f4e00000, 0x00000007f4effff0, 0x00000007f4f00000| 99%| O|  |TAMS 0x00000007f4e00000| PB 0x00000007f4e00000| Untracked 
| 847|0x00000007f4f00000, 0x00000007f5000000, 0x00000007f5000000|100%| O|  |TAMS 0x00000007f4f00000| PB 0x00000007f4f00000| Untracked 
| 848|0x00000007f5000000, 0x00000007f50ffff0, 0x00000007f5100000| 99%| O|  |TAMS 0x00000007f5000000| PB 0x00000007f5000000| Untracked 
| 849|0x00000007f5100000, 0x00000007f51ffff0, 0x00000007f5200000| 99%| O|  |TAMS 0x00000007f5100000| PB 0x00000007f5100000| Untracked 
| 850|0x00000007f5200000, 0x00000007f52ffff0, 0x00000007f5300000| 99%| O|  |TAMS 0x00000007f5200000| PB 0x00000007f5200000| Untracked 
| 851|0x00000007f5300000, 0x00000007f53ffff0, 0x00000007f5400000| 99%| O|  |TAMS 0x00000007f5300000| PB 0x00000007f5300000| Untracked 
| 852|0x00000007f5400000, 0x00000007f54fffe0, 0x00000007f5500000| 99%| O|  |TAMS 0x00000007f5400000| PB 0x00000007f5400000| Untracked 
| 853|0x00000007f5500000, 0x00000007f55ffff8, 0x00000007f5600000| 99%| O|  |TAMS 0x00000007f5500000| PB 0x00000007f5500000| Untracked 
| 854|0x00000007f5600000, 0x00000007f56ffff0, 0x00000007f5700000| 99%| O|  |TAMS 0x00000007f5600000| PB 0x00000007f5600000| Untracked 
| 855|0x00000007f5700000, 0x00000007f57ffff0, 0x00000007f5800000| 99%| O|  |TAMS 0x00000007f5700000| PB 0x00000007f5700000| Untracked 
| 856|0x00000007f5800000, 0x00000007f58ffff0, 0x00000007f5900000| 99%| O|  |TAMS 0x00000007f5800000| PB 0x00000007f5800000| Untracked 
| 857|0x00000007f5900000, 0x00000007f59ffff0, 0x00000007f5a00000| 99%| O|  |TAMS 0x00000007f5900000| PB 0x00000007f5900000| Untracked 
| 858|0x00000007f5a00000, 0x00000007f5affff0, 0x00000007f5b00000| 99%| O|  |TAMS 0x00000007f5a00000| PB 0x00000007f5a00000| Untracked 
| 859|0x00000007f5b00000, 0x00000007f5bffff0, 0x00000007f5c00000| 99%| O|  |TAMS 0x00000007f5b00000| PB 0x00000007f5b00000| Untracked 
| 860|0x00000007f5c00000, 0x00000007f5cffff0, 0x00000007f5d00000| 99%| O|  |TAMS 0x00000007f5c00000| PB 0x00000007f5c00000| Untracked 
| 861|0x00000007f5d00000, 0x00000007f5dffff0, 0x00000007f5e00000| 99%| O|  |TAMS 0x00000007f5d00000| PB 0x00000007f5d00000| Untracked 
| 862|0x00000007f5e00000, 0x00000007f5effff0, 0x00000007f5f00000| 99%| O|  |TAMS 0x00000007f5e00000| PB 0x00000007f5e00000| Untracked 
| 863|0x00000007f5f00000, 0x00000007f5fffff0, 0x00000007f6000000| 99%| O|  |TAMS 0x00000007f5f00000| PB 0x00000007f5f00000| Untracked 
| 864|0x00000007f6000000, 0x00000007f6100000, 0x00000007f6100000|100%| O|  |TAMS 0x00000007f6000000| PB 0x00000007f6000000| Untracked 
| 865|0x00000007f6100000, 0x00000007f61ff678, 0x00000007f6200000| 99%| O|  |TAMS 0x00000007f6100000| PB 0x00000007f6100000| Untracked 
| 866|0x00000007f6200000, 0x00000007f62fffe8, 0x00000007f6300000| 99%| O|  |TAMS 0x00000007f6200000| PB 0x00000007f6200000| Untracked 
| 867|0x00000007f6300000, 0x00000007f63ffff0, 0x00000007f6400000| 99%| O|  |TAMS 0x00000007f6300000| PB 0x00000007f6300000| Untracked 
| 868|0x00000007f6400000, 0x00000007f64ffff0, 0x00000007f6500000| 99%| O|  |TAMS 0x00000007f6400000| PB 0x00000007f6400000| Untracked 
| 869|0x00000007f6500000, 0x00000007f65ffff0, 0x00000007f6600000| 99%| O|  |TAMS 0x00000007f6500000| PB 0x00000007f6500000| Untracked 
| 870|0x00000007f6600000, 0x00000007f66ffff8, 0x00000007f6700000| 99%| O|  |TAMS 0x00000007f6600000| PB 0x00000007f6600000| Untracked 
| 871|0x00000007f6700000, 0x00000007f67ffff0, 0x00000007f6800000| 99%| O|  |TAMS 0x00000007f6700000| PB 0x00000007f6700000| Untracked 
| 872|0x00000007f6800000, 0x00000007f68ffff0, 0x00000007f6900000| 99%| O|  |TAMS 0x00000007f6800000| PB 0x00000007f6800000| Untracked 
| 873|0x00000007f6900000, 0x00000007f69ffff0, 0x00000007f6a00000| 99%| O|  |TAMS 0x00000007f6900000| PB 0x00000007f6900000| Untracked 
| 874|0x00000007f6a00000, 0x00000007f6b00000, 0x00000007f6b00000|100%| O|  |TAMS 0x00000007f6a00000| PB 0x00000007f6a00000| Untracked 
| 875|0x00000007f6b00000, 0x00000007f6bffff0, 0x00000007f6c00000| 99%| O|  |TAMS 0x00000007f6b00000| PB 0x00000007f6b00000| Untracked 
| 876|0x00000007f6c00000, 0x00000007f6d00000, 0x00000007f6d00000|100%| O|  |TAMS 0x00000007f6c00000| PB 0x00000007f6c00000| Untracked 
| 877|0x00000007f6d00000, 0x00000007f6dffff0, 0x00000007f6e00000| 99%| O|  |TAMS 0x00000007f6d00000| PB 0x00000007f6d00000| Untracked 
| 878|0x00000007f6e00000, 0x00000007f6effff0, 0x00000007f6f00000| 99%| O|  |TAMS 0x00000007f6e00000| PB 0x00000007f6e00000| Untracked 
| 879|0x00000007f6f00000, 0x00000007f6fffff0, 0x00000007f7000000| 99%| O|  |TAMS 0x00000007f6f00000| PB 0x00000007f6f00000| Untracked 
| 880|0x00000007f7000000, 0x00000007f7100000, 0x00000007f7100000|100%| O|  |TAMS 0x00000007f7000000| PB 0x00000007f7000000| Untracked 
| 881|0x00000007f7100000, 0x00000007f7200000, 0x00000007f7200000|100%| O|  |TAMS 0x00000007f7100000| PB 0x00000007f7100000| Untracked 
| 882|0x00000007f7200000, 0x00000007f72ffff0, 0x00000007f7300000| 99%| O|  |TAMS 0x00000007f7200000| PB 0x00000007f7200000| Untracked 
| 883|0x00000007f7300000, 0x00000007f73ffff0, 0x00000007f7400000| 99%| O|  |TAMS 0x00000007f7300000| PB 0x00000007f7300000| Untracked 
| 884|0x00000007f7400000, 0x00000007f7500000, 0x00000007f7500000|100%| O|  |TAMS 0x00000007f7400000| PB 0x00000007f7400000| Untracked 
| 885|0x00000007f7500000, 0x00000007f75ffff0, 0x00000007f7600000| 99%| O|  |TAMS 0x00000007f7500000| PB 0x00000007f7500000| Untracked 
| 886|0x00000007f7600000, 0x00000007f7700000, 0x00000007f7700000|100%| O|  |TAMS 0x00000007f7600000| PB 0x00000007f7600000| Untracked 
| 887|0x00000007f7700000, 0x00000007f77ffff0, 0x00000007f7800000| 99%| O|  |TAMS 0x00000007f7700000| PB 0x00000007f7700000| Untracked 
| 888|0x00000007f7800000, 0x00000007f7900000, 0x00000007f7900000|100%| O|  |TAMS 0x00000007f7800000| PB 0x00000007f7800000| Untracked 
| 889|0x00000007f7900000, 0x00000007f79ffff0, 0x00000007f7a00000| 99%| O|  |TAMS 0x00000007f7900000| PB 0x00000007f7900000| Untracked 
| 890|0x00000007f7a00000, 0x00000007f7affff8, 0x00000007f7b00000| 99%| O|  |TAMS 0x00000007f7a00000| PB 0x00000007f7a00000| Untracked 
| 891|0x00000007f7b00000, 0x00000007f7bffff0, 0x00000007f7c00000| 99%| O|  |TAMS 0x00000007f7b00000| PB 0x00000007f7b00000| Untracked 
| 892|0x00000007f7c00000, 0x00000007f7cffff8, 0x00000007f7d00000| 99%| O|  |TAMS 0x00000007f7c00000| PB 0x00000007f7c00000| Untracked 
| 893|0x00000007f7d00000, 0x00000007f7dffff0, 0x00000007f7e00000| 99%| O|  |TAMS 0x00000007f7d00000| PB 0x00000007f7d00000| Untracked 
| 894|0x00000007f7e00000, 0x00000007f7effff8, 0x00000007f7f00000| 99%| O|  |TAMS 0x00000007f7e00000| PB 0x00000007f7e00000| Untracked 
| 895|0x00000007f7f00000, 0x00000007f7fffff0, 0x00000007f8000000| 99%| O|  |TAMS 0x00000007f7f00000| PB 0x00000007f7f00000| Untracked 
| 896|0x00000007f8000000, 0x00000007f80ffff8, 0x00000007f8100000| 99%| O|  |TAMS 0x00000007f8000000| PB 0x00000007f8000000| Untracked 
| 897|0x00000007f8100000, 0x00000007f81ffff0, 0x00000007f8200000| 99%| O|  |TAMS 0x00000007f8100000| PB 0x00000007f8100000| Untracked 
| 898|0x00000007f8200000, 0x00000007f82ffff0, 0x00000007f8300000| 99%| O|  |TAMS 0x00000007f8200000| PB 0x00000007f8200000| Untracked 
| 899|0x00000007f8300000, 0x00000007f83ffff0, 0x00000007f8400000| 99%| O|  |TAMS 0x00000007f8300000| PB 0x00000007f8300000| Untracked 
| 900|0x00000007f8400000, 0x00000007f84ffff0, 0x00000007f8500000| 99%| O|  |TAMS 0x00000007f8400000| PB 0x00000007f8400000| Untracked 
| 901|0x00000007f8500000, 0x00000007f85ffff0, 0x00000007f8600000| 99%| O|  |TAMS 0x00000007f8500000| PB 0x00000007f8500000| Untracked 
| 902|0x00000007f8600000, 0x00000007f86ffff8, 0x00000007f8700000| 99%| O|  |TAMS 0x00000007f8600000| PB 0x00000007f8600000| Untracked 
| 903|0x00000007f8700000, 0x00000007f87ffff0, 0x00000007f8800000| 99%| O|  |TAMS 0x00000007f8700000| PB 0x00000007f8700000| Untracked 
| 904|0x00000007f8800000, 0x00000007f88ffff0, 0x00000007f8900000| 99%| O|  |TAMS 0x00000007f8800000| PB 0x00000007f8800000| Untracked 
| 905|0x00000007f8900000, 0x00000007f8a00000, 0x00000007f8a00000|100%| O|  |TAMS 0x00000007f8900000| PB 0x00000007f8900000| Untracked 
| 906|0x00000007f8a00000, 0x00000007f8affff0, 0x00000007f8b00000| 99%| O|  |TAMS 0x00000007f8a00000| PB 0x00000007f8a00000| Untracked 
| 907|0x00000007f8b00000, 0x00000007f8bffff0, 0x00000007f8c00000| 99%| O|  |TAMS 0x00000007f8b00000| PB 0x00000007f8b00000| Untracked 
| 908|0x00000007f8c00000, 0x00000007f8cffff8, 0x00000007f8d00000| 99%| O|  |TAMS 0x00000007f8c00000| PB 0x00000007f8c00000| Untracked 
| 909|0x00000007f8d00000, 0x00000007f8dffff0, 0x00000007f8e00000| 99%| O|  |TAMS 0x00000007f8d00000| PB 0x00000007f8d00000| Untracked 
| 910|0x00000007f8e00000, 0x00000007f8effff0, 0x00000007f8f00000| 99%| O|  |TAMS 0x00000007f8e00000| PB 0x00000007f8e00000| Untracked 
| 911|0x00000007f8f00000, 0x00000007f8fffff8, 0x00000007f9000000| 99%| O|  |TAMS 0x00000007f8f00000| PB 0x00000007f8f00000| Untracked 
| 912|0x00000007f9000000, 0x00000007f90ffff0, 0x00000007f9100000| 99%| O|  |TAMS 0x00000007f9000000| PB 0x00000007f9000000| Untracked 
| 913|0x00000007f9100000, 0x00000007f91ffff0, 0x00000007f9200000| 99%| O|  |TAMS 0x00000007f9100000| PB 0x00000007f9100000| Untracked 
| 914|0x00000007f9200000, 0x00000007f92ffff0, 0x00000007f9300000| 99%| O|  |TAMS 0x00000007f9200000| PB 0x00000007f9200000| Untracked 
| 915|0x00000007f9300000, 0x00000007f93ffff0, 0x00000007f9400000| 99%| O|  |TAMS 0x00000007f9300000| PB 0x00000007f9300000| Untracked 
| 916|0x00000007f9400000, 0x00000007f94ffff0, 0x00000007f9500000| 99%| O|  |TAMS 0x00000007f9400000| PB 0x00000007f9400000| Untracked 
| 917|0x00000007f9500000, 0x00000007f95ffff0, 0x00000007f9600000| 99%| O|  |TAMS 0x00000007f9500000| PB 0x00000007f9500000| Untracked 
| 918|0x00000007f9600000, 0x00000007f96ffff0, 0x00000007f9700000| 99%| O|  |TAMS 0x00000007f9600000| PB 0x00000007f9600000| Untracked 
| 919|0x00000007f9700000, 0x00000007f97ffff0, 0x00000007f9800000| 99%| O|  |TAMS 0x00000007f9700000| PB 0x00000007f9700000| Untracked 
| 920|0x00000007f9800000, 0x00000007f9900000, 0x00000007f9900000|100%| O|  |TAMS 0x00000007f9800000| PB 0x00000007f9800000| Untracked 
| 921|0x00000007f9900000, 0x00000007f9a00000, 0x00000007f9a00000|100%| O|  |TAMS 0x00000007f9900000| PB 0x00000007f9900000| Untracked 
| 922|0x00000007f9a00000, 0x00000007f9affff0, 0x00000007f9b00000| 99%| O|  |TAMS 0x00000007f9a00000| PB 0x00000007f9a00000| Untracked 
| 923|0x00000007f9b00000, 0x00000007f9bffff0, 0x00000007f9c00000| 99%| O|  |TAMS 0x00000007f9b00000| PB 0x00000007f9b00000| Untracked 
| 924|0x00000007f9c00000, 0x00000007f9d00000, 0x00000007f9d00000|100%| O|  |TAMS 0x00000007f9c00000| PB 0x00000007f9c00000| Untracked 
| 925|0x00000007f9d00000, 0x00000007f9dffff0, 0x00000007f9e00000| 99%| O|  |TAMS 0x00000007f9d00000| PB 0x00000007f9d00000| Untracked 
| 926|0x00000007f9e00000, 0x00000007f9effff0, 0x00000007f9f00000| 99%| O|  |TAMS 0x00000007f9e00000| PB 0x00000007f9e00000| Untracked 
| 927|0x00000007f9f00000, 0x00000007f9fffff0, 0x00000007fa000000| 99%| O|  |TAMS 0x00000007f9f00000| PB 0x00000007f9f00000| Untracked 
| 928|0x00000007fa000000, 0x00000007fa0ffff0, 0x00000007fa100000| 99%| O|  |TAMS 0x00000007fa000000| PB 0x00000007fa000000| Untracked 
| 929|0x00000007fa100000, 0x00000007fa1ffff0, 0x00000007fa200000| 99%| O|  |TAMS 0x00000007fa100000| PB 0x00000007fa100000| Untracked 
| 930|0x00000007fa200000, 0x00000007fa2ffff8, 0x00000007fa300000| 99%| O|  |TAMS 0x00000007fa200000| PB 0x00000007fa200000| Untracked 
| 931|0x00000007fa300000, 0x00000007fa3ffff0, 0x00000007fa400000| 99%| O|  |TAMS 0x00000007fa300000| PB 0x00000007fa300000| Untracked 
| 932|0x00000007fa400000, 0x00000007fa4ffff0, 0x00000007fa500000| 99%| O|  |TAMS 0x00000007fa400000| PB 0x00000007fa400000| Untracked 
| 933|0x00000007fa500000, 0x00000007fa5ffff0, 0x00000007fa600000| 99%| O|  |TAMS 0x00000007fa500000| PB 0x00000007fa500000| Untracked 
| 934|0x00000007fa600000, 0x00000007fa6ffff0, 0x00000007fa700000| 99%| O|  |TAMS 0x00000007fa600000| PB 0x00000007fa600000| Untracked 
| 935|0x00000007fa700000, 0x00000007fa7ffff0, 0x00000007fa800000| 99%| O|  |TAMS 0x00000007fa700000| PB 0x00000007fa700000| Untracked 
| 936|0x00000007fa800000, 0x00000007fa8ffff0, 0x00000007fa900000| 99%| O|  |TAMS 0x00000007fa800000| PB 0x00000007fa800000| Untracked 
| 937|0x00000007fa900000, 0x00000007fa9ffff0, 0x00000007faa00000| 99%| O|  |TAMS 0x00000007fa900000| PB 0x00000007fa900000| Untracked 
| 938|0x00000007faa00000, 0x00000007faaffff0, 0x00000007fab00000| 99%| O|  |TAMS 0x00000007faa00000| PB 0x00000007faa00000| Untracked 
| 939|0x00000007fab00000, 0x00000007fabffff0, 0x00000007fac00000| 99%| O|  |TAMS 0x00000007fab00000| PB 0x00000007fab00000| Untracked 
| 940|0x00000007fac00000, 0x00000007facffff0, 0x00000007fad00000| 99%| O|  |TAMS 0x00000007fac00000| PB 0x00000007fac00000| Untracked 
| 941|0x00000007fad00000, 0x00000007fadffff0, 0x00000007fae00000| 99%| O|  |TAMS 0x00000007fad00000| PB 0x00000007fad00000| Untracked 
| 942|0x00000007fae00000, 0x00000007faeffff0, 0x00000007faf00000| 99%| O|  |TAMS 0x00000007fae00000| PB 0x00000007fae00000| Untracked 
| 943|0x00000007faf00000, 0x00000007fafffff0, 0x00000007fb000000| 99%| O|  |TAMS 0x00000007faf00000| PB 0x00000007faf00000| Untracked 
| 944|0x00000007fb000000, 0x00000007fb0ffff0, 0x00000007fb100000| 99%| O|  |TAMS 0x00000007fb000000| PB 0x00000007fb000000| Untracked 
| 945|0x00000007fb100000, 0x00000007fb1ffff0, 0x00000007fb200000| 99%| O|  |TAMS 0x00000007fb100000| PB 0x00000007fb100000| Untracked 
| 946|0x00000007fb200000, 0x00000007fb2ffff0, 0x00000007fb300000| 99%| O|  |TAMS 0x00000007fb200000| PB 0x00000007fb200000| Untracked 
| 947|0x00000007fb300000, 0x00000007fb3ffff0, 0x00000007fb400000| 99%| O|  |TAMS 0x00000007fb300000| PB 0x00000007fb300000| Untracked 
| 948|0x00000007fb400000, 0x00000007fb4ffff0, 0x00000007fb500000| 99%| O|  |TAMS 0x00000007fb400000| PB 0x00000007fb400000| Untracked 
| 949|0x00000007fb500000, 0x00000007fb5ffff0, 0x00000007fb600000| 99%| O|  |TAMS 0x00000007fb500000| PB 0x00000007fb500000| Untracked 
| 950|0x00000007fb600000, 0x00000007fb6ffff0, 0x00000007fb700000| 99%| O|  |TAMS 0x00000007fb600000| PB 0x00000007fb600000| Untracked 
| 951|0x00000007fb700000, 0x00000007fb7ffff0, 0x00000007fb800000| 99%| O|  |TAMS 0x00000007fb700000| PB 0x00000007fb700000| Untracked 
| 952|0x00000007fb800000, 0x00000007fb8ffff0, 0x00000007fb900000| 99%| O|  |TAMS 0x00000007fb800000| PB 0x00000007fb800000| Untracked 
| 953|0x00000007fb900000, 0x00000007fb9ffff0, 0x00000007fba00000| 99%| O|  |TAMS 0x00000007fb900000| PB 0x00000007fb900000| Untracked 
| 954|0x00000007fba00000, 0x00000007fbaffff0, 0x00000007fbb00000| 99%| O|  |TAMS 0x00000007fba00000| PB 0x00000007fba00000| Untracked 
| 955|0x00000007fbb00000, 0x00000007fbbffff0, 0x00000007fbc00000| 99%| O|  |TAMS 0x00000007fbb00000| PB 0x00000007fbb00000| Untracked 
| 956|0x00000007fbc00000, 0x00000007fbcffff0, 0x00000007fbd00000| 99%| O|  |TAMS 0x00000007fbc00000| PB 0x00000007fbc00000| Untracked 
| 957|0x00000007fbd00000, 0x00000007fbdffff0, 0x00000007fbe00000| 99%| O|  |TAMS 0x00000007fbd00000| PB 0x00000007fbd00000| Untracked 
| 958|0x00000007fbe00000, 0x00000007fbeffff0, 0x00000007fbf00000| 99%| O|  |TAMS 0x00000007fbe00000| PB 0x00000007fbe00000| Untracked 
| 959|0x00000007fbf00000, 0x00000007fbfffff0, 0x00000007fc000000| 99%| O|  |TAMS 0x00000007fbf00000| PB 0x00000007fbf00000| Untracked 
| 960|0x00000007fc000000, 0x00000007fc0ffff0, 0x00000007fc100000| 99%| O|  |TAMS 0x00000007fc000000| PB 0x00000007fc000000| Untracked 
| 961|0x00000007fc100000, 0x00000007fc1ffff0, 0x00000007fc200000| 99%| O|  |TAMS 0x00000007fc100000| PB 0x00000007fc100000| Untracked 
| 962|0x00000007fc200000, 0x00000007fc2ffff0, 0x00000007fc300000| 99%| O|  |TAMS 0x00000007fc200000| PB 0x00000007fc200000| Untracked 
| 963|0x00000007fc300000, 0x00000007fc3ffff0, 0x00000007fc400000| 99%| O|  |TAMS 0x00000007fc300000| PB 0x00000007fc300000| Untracked 
| 964|0x00000007fc400000, 0x00000007fc4ffff0, 0x00000007fc500000| 99%| O|  |TAMS 0x00000007fc400000| PB 0x00000007fc400000| Untracked 
| 965|0x00000007fc500000, 0x00000007fc5ffff0, 0x00000007fc600000| 99%| O|  |TAMS 0x00000007fc500000| PB 0x00000007fc500000| Untracked 
| 966|0x00000007fc600000, 0x00000007fc6ffff0, 0x00000007fc700000| 99%| O|  |TAMS 0x00000007fc600000| PB 0x00000007fc600000| Untracked 
| 967|0x00000007fc700000, 0x00000007fc7ffff0, 0x00000007fc800000| 99%| O|  |TAMS 0x00000007fc700000| PB 0x00000007fc700000| Untracked 
| 968|0x00000007fc800000, 0x00000007fc8ffff0, 0x00000007fc900000| 99%| O|  |TAMS 0x00000007fc800000| PB 0x00000007fc800000| Untracked 
| 969|0x00000007fc900000, 0x00000007fc9ffff0, 0x00000007fca00000| 99%| O|  |TAMS 0x00000007fc900000| PB 0x00000007fc900000| Untracked 
| 970|0x00000007fca00000, 0x00000007fcaffff0, 0x00000007fcb00000| 99%| O|  |TAMS 0x00000007fca00000| PB 0x00000007fca00000| Untracked 
| 971|0x00000007fcb00000, 0x00000007fcbffff0, 0x00000007fcc00000| 99%| O|  |TAMS 0x00000007fcb00000| PB 0x00000007fcb00000| Untracked 
| 972|0x00000007fcc00000, 0x00000007fccffff0, 0x00000007fcd00000| 99%| O|  |TAMS 0x00000007fcc00000| PB 0x00000007fcc00000| Untracked 
| 973|0x00000007fcd00000, 0x00000007fcdffff0, 0x00000007fce00000| 99%| O|  |TAMS 0x00000007fcd00000| PB 0x00000007fcd00000| Untracked 
| 974|0x00000007fce00000, 0x00000007fceffff0, 0x00000007fcf00000| 99%| O|  |TAMS 0x00000007fce00000| PB 0x00000007fce00000| Untracked 
| 975|0x00000007fcf00000, 0x00000007fcfffff0, 0x00000007fd000000| 99%| O|  |TAMS 0x00000007fcf00000| PB 0x00000007fcf00000| Untracked 
| 976|0x00000007fd000000, 0x00000007fd0ffff0, 0x00000007fd100000| 99%| O|  |TAMS 0x00000007fd000000| PB 0x00000007fd000000| Untracked 
| 977|0x00000007fd100000, 0x00000007fd1ffff0, 0x00000007fd200000| 99%| O|  |TAMS 0x00000007fd100000| PB 0x00000007fd100000| Untracked 
| 978|0x00000007fd200000, 0x00000007fd2ffff0, 0x00000007fd300000| 99%| O|  |TAMS 0x00000007fd200000| PB 0x00000007fd200000| Untracked 
| 979|0x00000007fd300000, 0x00000007fd3ffff0, 0x00000007fd400000| 99%| O|  |TAMS 0x00000007fd300000| PB 0x00000007fd300000| Untracked 
| 980|0x00000007fd400000, 0x00000007fd4ffff0, 0x00000007fd500000| 99%| O|  |TAMS 0x00000007fd400000| PB 0x00000007fd400000| Untracked 
| 981|0x00000007fd500000, 0x00000007fd5ffff0, 0x00000007fd600000| 99%| O|  |TAMS 0x00000007fd500000| PB 0x00000007fd500000| Untracked 
| 982|0x00000007fd600000, 0x00000007fd6ffff0, 0x00000007fd700000| 99%| O|  |TAMS 0x00000007fd600000| PB 0x00000007fd600000| Untracked 
| 983|0x00000007fd700000, 0x00000007fd7ffff0, 0x00000007fd800000| 99%| O|  |TAMS 0x00000007fd700000| PB 0x00000007fd700000| Untracked 
| 984|0x00000007fd800000, 0x00000007fd8ffff0, 0x00000007fd900000| 99%| O|  |TAMS 0x00000007fd800000| PB 0x00000007fd800000| Untracked 
| 985|0x00000007fd900000, 0x00000007fd9ffff0, 0x00000007fda00000| 99%| O|  |TAMS 0x00000007fd900000| PB 0x00000007fd900000| Untracked 
| 986|0x00000007fda00000, 0x00000007fdaffff0, 0x00000007fdb00000| 99%| O|  |TAMS 0x00000007fda00000| PB 0x00000007fda00000| Untracked 
| 987|0x00000007fdb00000, 0x00000007fdbffff0, 0x00000007fdc00000| 99%| O|  |TAMS 0x00000007fdb00000| PB 0x00000007fdb00000| Untracked 
| 988|0x00000007fdc00000, 0x00000007fdcffff0, 0x00000007fdd00000| 99%| O|  |TAMS 0x00000007fdc00000| PB 0x00000007fdc00000| Untracked 
| 989|0x00000007fdd00000, 0x00000007fddffff0, 0x00000007fde00000| 99%| O|  |TAMS 0x00000007fdd00000| PB 0x00000007fdd00000| Untracked 
| 990|0x00000007fde00000, 0x00000007fdeffff0, 0x00000007fdf00000| 99%| O|  |TAMS 0x00000007fde00000| PB 0x00000007fde00000| Untracked 
| 991|0x00000007fdf00000, 0x00000007fdfffff0, 0x00000007fe000000| 99%| O|  |TAMS 0x00000007fdf00000| PB 0x00000007fdf00000| Untracked 
| 992|0x00000007fe000000, 0x00000007fe0ffff0, 0x00000007fe100000| 99%| O|  |TAMS 0x00000007fe000000| PB 0x00000007fe000000| Untracked 
| 993|0x00000007fe100000, 0x00000007fe1ffff0, 0x00000007fe200000| 99%| O|  |TAMS 0x00000007fe100000| PB 0x00000007fe100000| Untracked 
| 994|0x00000007fe200000, 0x00000007fe2ffff0, 0x00000007fe300000| 99%| O|  |TAMS 0x00000007fe200000| PB 0x00000007fe200000| Untracked 
| 995|0x00000007fe300000, 0x00000007fe3ffff0, 0x00000007fe400000| 99%| O|  |TAMS 0x00000007fe300000| PB 0x00000007fe300000| Untracked 
| 996|0x00000007fe400000, 0x00000007fe4ffff0, 0x00000007fe500000| 99%| O|  |TAMS 0x00000007fe400000| PB 0x00000007fe400000| Untracked 
| 997|0x00000007fe500000, 0x00000007fe5ffff0, 0x00000007fe600000| 99%| O|  |TAMS 0x00000007fe500000| PB 0x00000007fe500000| Untracked 
| 998|0x00000007fe600000, 0x00000007fe6ffff0, 0x00000007fe700000| 99%| O|  |TAMS 0x00000007fe600000| PB 0x00000007fe600000| Untracked 
| 999|0x00000007fe700000, 0x00000007fe7ffff0, 0x00000007fe800000| 99%| O|  |TAMS 0x00000007fe700000| PB 0x00000007fe700000| Untracked 
|1000|0x00000007fe800000, 0x00000007fe8ffff0, 0x00000007fe900000| 99%| O|  |TAMS 0x00000007fe800000| PB 0x00000007fe800000| Untracked 
|1001|0x00000007fe900000, 0x00000007fe9ffff0, 0x00000007fea00000| 99%| O|  |TAMS 0x00000007fe900000| PB 0x00000007fe900000| Untracked 
|1002|0x00000007fea00000, 0x00000007feaffff0, 0x00000007feb00000| 99%| O|  |TAMS 0x00000007fea00000| PB 0x00000007fea00000| Untracked 
|1003|0x00000007feb00000, 0x00000007febffff0, 0x00000007fec00000| 99%| O|  |TAMS 0x00000007feb00000| PB 0x00000007feb00000| Untracked 
|1004|0x00000007fec00000, 0x00000007fecffff0, 0x00000007fed00000| 99%| O|  |TAMS 0x00000007fec00000| PB 0x00000007fec00000| Untracked 
|1005|0x00000007fed00000, 0x00000007fedffff0, 0x00000007fee00000| 99%| O|  |TAMS 0x00000007fed00000| PB 0x00000007fed00000| Untracked 
|1006|0x00000007fee00000, 0x00000007feeffff0, 0x00000007fef00000| 99%| O|  |TAMS 0x00000007fee00000| PB 0x00000007fee00000| Untracked 
|1007|0x00000007fef00000, 0x00000007fefffff0, 0x00000007ff000000| 99%| O|  |TAMS 0x00000007fef00000| PB 0x00000007fef00000| Untracked 
|1008|0x00000007ff000000, 0x00000007ff0ffff0, 0x00000007ff100000| 99%| O|  |TAMS 0x00000007ff000000| PB 0x00000007ff000000| Untracked 
|1009|0x00000007ff100000, 0x00000007ff1ffff0, 0x00000007ff200000| 99%| O|  |TAMS 0x00000007ff100000| PB 0x00000007ff100000| Untracked 
|1010|0x00000007ff200000, 0x00000007ff2ffff8, 0x00000007ff300000| 99%| O|  |TAMS 0x00000007ff200000| PB 0x00000007ff200000| Untracked 
|1011|0x00000007ff300000, 0x00000007ff3ffff0, 0x00000007ff400000| 99%| O|  |TAMS 0x00000007ff300000| PB 0x00000007ff300000| Untracked 
|1012|0x00000007ff400000, 0x00000007ff4ffff8, 0x00000007ff500000| 99%| O|  |TAMS 0x00000007ff400000| PB 0x00000007ff400000| Untracked 
|1013|0x00000007ff500000, 0x00000007ff5ffff8, 0x00000007ff600000| 99%| O|  |TAMS 0x00000007ff500000| PB 0x00000007ff500000| Untracked 
|1014|0x00000007ff600000, 0x00000007ff6ffff0, 0x00000007ff700000| 99%| O|  |TAMS 0x00000007ff600000| PB 0x00000007ff600000| Untracked 
|1015|0x00000007ff700000, 0x00000007ff800000, 0x00000007ff800000|100%| O|  |TAMS 0x00000007ff700000| PB 0x00000007ff700000| Untracked 
|1016|0x00000007ff800000, 0x00000007ff8ffff8, 0x00000007ff900000| 99%| O|  |TAMS 0x00000007ff800000| PB 0x00000007ff800000| Untracked 
|1017|0x00000007ff900000, 0x00000007ff9ffff0, 0x00000007ffa00000| 99%| O|  |TAMS 0x00000007ff900000| PB 0x00000007ff900000| Untracked 
|1018|0x00000007ffa00000, 0x00000007ffaffff0, 0x00000007ffb00000| 99%| O|  |TAMS 0x00000007ffa00000| PB 0x00000007ffa00000| Untracked 
|1019|0x00000007ffb00000, 0x00000007ffbffff0, 0x00000007ffc00000| 99%| O|  |TAMS 0x00000007ffb00000| PB 0x00000007ffb00000| Untracked 
|1020|0x00000007ffc00000, 0x00000007ffcffff0, 0x00000007ffd00000| 99%| O|  |TAMS 0x00000007ffc00000| PB 0x00000007ffc00000| Untracked 
|1021|0x00000007ffd00000, 0x00000007ffe00000, 0x00000007ffe00000|100%| O|  |TAMS 0x00000007ffd00000| PB 0x00000007ffd00000| Untracked 
|1022|0x00000007ffe00000, 0x00000007fff00000, 0x00000007fff00000|100%| O|  |TAMS 0x00000007ffe00000| PB 0x00000007ffe00000| Untracked 
|1023|0x00000007fff00000, 0x00000007fff01488, 0x0000000800000000|  0%| O|  |TAMS 0x00000007fff00000| PB 0x00000007fff00000| Untracked 

Card table byte_map: [0x0000000109b24000,0x0000000109d24000] _byte_map_base: 0x0000000105d24000

Marking Bits: (CMBitMap*) 0x000000010554b400
 Bits: [0x000000011c238000, 0x000000011d238000)

Polling page: 0x0000000104ec0000

Metaspace:

Usage:
  Non-class:    241.47 MB used.
      Class:     36.05 MB used.
       Both:    277.52 MB used.

Virtual space:
  Non-class space:      384.00 MB reserved,     252.88 MB ( 66%) committed,  6 nodes.
      Class space:        1.00 GB reserved,      39.44 MB (  4%) committed,  1 nodes.
             Both:        1.38 GB reserved,     292.31 MB ( 21%) committed. 

Chunk freelists:
   Non-Class:  109.75 MB
       Class:  27.35 MB
        Both:  137.09 MB

MaxMetaspaceSize: unlimited
CompressedClassSpaceSize: 1.00 GB
Initial GC threshold: 21.00 MB
Current GC threshold: 633.25 MB
CDS: on
 - commit_granule_bytes: 65536.
 - commit_granule_words: 8192.
 - virtual_space_node_default_size: 8388608.
 - enlarge_chunks_in_place: 1.
 - use_allocation_guard: 0.


Internal statistics:

num_allocs_failed_limit: 55.
num_arena_births: 8104.
num_arena_deaths: 6736.
num_vsnodes_births: 7.
num_vsnodes_deaths: 0.
num_space_committed: 12356.
num_space_uncommitted: 2708.
num_chunks_returned_to_freelist: 32132.
num_chunks_taken_from_freelist: 44399.
num_chunk_merges: 9150.
num_chunk_splits: 26534.
num_chunks_enlarged: 21530.
num_inconsistent_stats: 0.

CodeCache: size=131072Kb used=3487Kb max_used=73165Kb free=127584Kb
 bounds [0x0000000114238000, 0x0000000118a28000, 0x000000011c238000]
 total_blobs=2359 nmethods=962 adapters=1298
 compilation: enabled
              stopped_count=0, restarted_count=0
 full_count=0

Compilation events (20 events):
Event: 505905.675 Thread 0x0000000bdcfd0000 437415       4       java.io.BufferedWriter::min (9 bytes)
Event: 505905.675 Thread 0x0000000bdcfd0000 nmethod 437415 0x0000000117612510 code [0x0000000117612680, 0x0000000117612710]
Event: 505905.675 Thread 0x0000000bdcfd0000 437326       4       scala.collection.SeqLike::$anonfun$contains$1$adapted (9 bytes)
Event: 505905.675 Thread 0x0000000bdcfd0000 nmethod 437326 0x00000001182ade10 code [0x00000001182adfc0, 0x00000001182ae178]
Event: 505905.675 Thread 0x0000000bdcfd0000 437325       4       scala.collection.SeqLike::$anonfun$contains$1 (12 bytes)
Event: 505905.675 Thread 0x0000000bdcfd0000 nmethod 437325 0x00000001182ad990 code [0x00000001182adb40, 0x00000001182adcd8]
Event: 505905.675 Thread 0x0000000bdcfd0000 437317       4       java.time.format.DateTimePrintContext::getDecimalStyle (8 bytes)
Event: 505905.676 Thread 0x0000000bdcfd0000 nmethod 437317 0x00000001182ad690 code [0x00000001182ad800, 0x00000001182ad8a8]
Event: 505920.578 Thread 0x0000000bdcfd0800 437431       3       java.lang.Thread::getThreadGroup (30 bytes)
Event: 505927.234 Thread 0x0000000bdcfd0800 nmethod 437431 0x00000001143fe510 code [0x00000001143fe740, 0x00000001143fed90]
Event: 505998.922 Thread 0x0000000bdcfd0000 437432       4       java.util.concurrent.locks.AbstractQueuedSynchronizer::release (19 bytes)
Event: 506014.444 Thread 0x0000000bdcfd0000 nmethod 437432 0x0000000114441410 code [0x00000001144415c0, 0x0000000114441790]
Event: 506059.083 Thread 0x0000000bdcfd0800 437433       1       java.util.concurrent.locks.AbstractQueuedSynchronizer::getState (5 bytes)
Event: 506060.042 Thread 0x0000000bdcfd0800 nmethod 437433 0x00000001143bb410 code [0x00000001143bb580, 0x00000001143bb630]
Event: 506068.653 Thread 0x0000000bdcfd0000 437434       4       java.util.concurrent.locks.ReentrantLock$Sync::isHeldExclusively (16 bytes)
Event: 506073.710 Thread 0x0000000bdcfd0000 nmethod 437434 0x000000011442d410 code [0x000000011442d580, 0x000000011442d610]
Event: 506785.136 Thread 0x0000000bdcfd0800 437435       3       java.util.concurrent.locks.AbstractQueuedSynchronizer::acquireOnOOME (50 bytes)
Event: 506791.810 Thread 0x0000000bdcfd0800 nmethod 437435 0x000000011438ba10 code [0x000000011438bc00, 0x000000011438c138]
Event: 522037.400 Thread 0x0000000bdcfd0000 437436       4       java.util.concurrent.locks.AbstractQueuedSynchronizer::acquireOnOOME (50 bytes)
Event: 522098.162 Thread 0x0000000bdcfd0000 nmethod 437436 0x00000001143d8290 code [0x00000001143d8440, 0x00000001143d8668]

GC Heap History (20 events):
Event: 528692.109 GC heap before
{Heap before GC invocations=56378 (full 36969):
 garbage-first heap   total 1048576K, used 1047336K [0x00000007c0000000, 0x0000000800000000)
  region size 1024K, 0 young (0K), 0 survivors (0K)
 Metaspace       used 284179K, committed 299328K, reserved 1441792K
  class space    used 36910K, committed 40384K, reserved 1048576K
}
Event: 528692.557 GC heap after
{Heap after GC invocations=56379 (full 36970):
 garbage-first heap   total 1048576K, used 1047336K [0x00000007c0000000, 0x0000000800000000)
  region size 1024K, 0 young (0K), 0 survivors (0K)
 Metaspace       used 284179K, committed 299328K, reserved 1441792K
  class space    used 36910K, committed 40384K, reserved 1048576K
}
Event: 528692.557 GC heap before
{Heap before GC invocations=56379 (full 36970):
 garbage-first heap   total 1048576K, used 1047336K [0x00000007c0000000, 0x0000000800000000)
  region size 1024K, 0 young (0K), 0 survivors (0K)
 Metaspace       used 284179K, committed 299328K, reserved 1441792K
  class space    used 36910K, committed 40384K, reserved 1048576K
}
Event: 528692.558 GC heap after
{Heap after GC invocations=56380 (full 36970):
 garbage-first heap   total 1048576K, used 1047336K [0x00000007c0000000, 0x0000000800000000)
  region size 1024K, 0 young (0K), 0 survivors (0K)
 Metaspace       used 284179K, committed 299328K, reserved 1441792K
  class space    used 36910K, committed 40384K, reserved 1048576K
}
Event: 528692.558 GC heap before
{Heap before GC invocations=56380 (full 36970):
 garbage-first heap   total 1048576K, used 1047336K [0x00000007c0000000, 0x0000000800000000)
  region size 1024K, 0 young (0K), 0 survivors (0K)
 Metaspace       used 284179K, committed 299328K, reserved 1441792K
  class space    used 36910K, committed 40384K, reserved 1048576K
}
Event: 528692.989 GC heap after
{Heap after GC invocations=56381 (full 36971):
 garbage-first heap   total 1048576K, used 1047336K [0x00000007c0000000, 0x0000000800000000)
  region size 1024K, 0 young (0K), 0 survivors (0K)
 Metaspace       used 284179K, committed 299328K, reserved 1441792K
  class space    used 36910K, committed 40384K, reserved 1048576K
}
Event: 528692.989 GC heap before
{Heap before GC invocations=56381 (full 36971):
 garbage-first heap   total 1048576K, used 1047336K [0x00000007c0000000, 0x0000000800000000)
  region size 1024K, 0 young (0K), 0 survivors (0K)
 Metaspace       used 284179K, committed 299328K, reserved 1441792K
  class space    used 36910K, committed 40384K, reserved 1048576K
}
Event: 528693.435 GC heap after
{Heap after GC invocations=56382 (full 36972):
 garbage-first heap   total 1048576K, used 1047336K [0x00000007c0000000, 0x0000000800000000)
  region size 1024K, 0 young (0K), 0 survivors (0K)
 Metaspace       used 284179K, committed 299328K, reserved 1441792K
  class space    used 36910K, committed 40384K, reserved 1048576K
}
Event: 528693.436 GC heap before
{Heap before GC invocations=56382 (full 36972):
 garbage-first heap   total 1048576K, used 1047336K [0x00000007c0000000, 0x0000000800000000)
  region size 1024K, 0 young (0K), 0 survivors (0K)
 Metaspace       used 284179K, committed 299328K, reserved 1441792K
  class space    used 36910K, committed 40384K, reserved 1048576K
}
Event: 528693.436 GC heap after
{Heap after GC invocations=56383 (full 36972):
 garbage-first heap   total 1048576K, used 1047336K [0x00000007c0000000, 0x0000000800000000)
  region size 1024K, 0 young (0K), 0 survivors (0K)
 Metaspace       used 284179K, committed 299328K, reserved 1441792K
  class space    used 36910K, committed 40384K, reserved 1048576K
}
Event: 528693.436 GC heap before
{Heap before GC invocations=56383 (full 36972):
 garbage-first heap   total 1048576K, used 1047336K [0x00000007c0000000, 0x0000000800000000)
  region size 1024K, 0 young (0K), 0 survivors (0K)
 Metaspace       used 284179K, committed 299328K, reserved 1441792K
  class space    used 36910K, committed 40384K, reserved 1048576K
}
Event: 528693.870 GC heap after
{Heap after GC invocations=56384 (full 36973):
 garbage-first heap   total 1048576K, used 1047336K [0x00000007c0000000, 0x0000000800000000)
  region size 1024K, 0 young (0K), 0 survivors (0K)
 Metaspace       used 284179K, committed 299328K, reserved 1441792K
  class space    used 36910K, committed 40384K, reserved 1048576K
}
Event: 528693.870 GC heap before
{Heap before GC invocations=56384 (full 36973):
 garbage-first heap   total 1048576K, used 1047336K [0x00000007c0000000, 0x0000000800000000)
  region size 1024K, 0 young (0K), 0 survivors (0K)
 Metaspace       used 284179K, committed 299328K, reserved 1441792K
  class space    used 36910K, committed 40384K, reserved 1048576K
}
Event: 528694.343 GC heap after
{Heap after GC invocations=56385 (full 36974):
 garbage-first heap   total 1048576K, used 1047336K [0x00000007c0000000, 0x0000000800000000)
  region size 1024K, 0 young (0K), 0 survivors (0K)
 Metaspace       used 284179K, committed 299328K, reserved 1441792K
  class space    used 36910K, committed 40384K, reserved 1048576K
}
Event: 528694.343 GC heap before
{Heap before GC invocations=56385 (full 36974):
 garbage-first heap   total 1048576K, used 1047336K [0x00000007c0000000, 0x0000000800000000)
  region size 1024K, 0 young (0K), 0 survivors (0K)
 Metaspace       used 284179K, committed 299328K, reserved 1441792K
  class space    used 36910K, committed 40384K, reserved 1048576K
}
Event: 528694.344 GC heap after
{Heap after GC invocations=56386 (full 36974):
 garbage-first heap   total 1048576K, used 1047336K [0x00000007c0000000, 0x0000000800000000)
  region size 1024K, 0 young (0K), 0 survivors (0K)
 Metaspace       used 284179K, committed 299328K, reserved 1441792K
  class space    used 36910K, committed 40384K, reserved 1048576K
}
Event: 528694.344 GC heap before
{Heap before GC invocations=56386 (full 36974):
 garbage-first heap   total 1048576K, used 1047336K [0x00000007c0000000, 0x0000000800000000)
  region size 1024K, 0 young (0K), 0 survivors (0K)
 Metaspace       used 284179K, committed 299328K, reserved 1441792K
  class space    used 36910K, committed 40384K, reserved 1048576K
}
Event: 528694.754 GC heap after
{Heap after GC invocations=56387 (full 36975):
 garbage-first heap   total 1048576K, used 1047336K [0x00000007c0000000, 0x0000000800000000)
  region size 1024K, 0 young (0K), 0 survivors (0K)
 Metaspace       used 284179K, committed 299328K, reserved 1441792K
  class space    used 36910K, committed 40384K, reserved 1048576K
}
Event: 528694.754 GC heap before
{Heap before GC invocations=56387 (full 36975):
 garbage-first heap   total 1048576K, used 1047336K [0x00000007c0000000, 0x0000000800000000)
  region size 1024K, 0 young (0K), 0 survivors (0K)
 Metaspace       used 284179K, committed 299328K, reserved 1441792K
  class space    used 36910K, committed 40384K, reserved 1048576K
}
Event: 528695.215 GC heap after
{Heap after GC invocations=56388 (full 36976):
 garbage-first heap   total 1048576K, used 1047336K [0x00000007c0000000, 0x0000000800000000)
  region size 1024K, 0 young (0K), 0 survivors (0K)
 Metaspace       used 284179K, committed 299328K, reserved 1441792K
  class space    used 36910K, committed 40384K, reserved 1048576K
}

Dll operation events (20 events):
Event: 0.416 Loaded shared library /private/var/folders/g1/lqnz451x5gvdfmss8_cvqclw0000gn/T/.sbt-1771671561/ipcsocket/libsbtipcsocket12495654211007295124.dylib
Event: 0.418 Loaded shared library /Users/williampattle/.sdkman/candidates/java/21.0.6-tem/lib/libextnet.dylib
Event: 0.532 Loaded shared library /private/var/folders/g1/lqnz451x5gvdfmss8_cvqclw0000gn/T/jlinenative-3.27.1-d4e6e64568e2b321-libjlinenative.jnilib
Event: 0.734 Loading shared library /Users/williampattle/.sdkman/candidates/java/21.0.6-tem/lib/libswoval-files0.dylib failed, dlopen(/Users/williampattle/.sdkman/candidates/java/21.0.6-tem/lib/libswoval-files0.dylib, 0x0001): tried: '/Users/williampattle/.sdkman/cand
Event: 0.735 Loading shared library /Users/williampattle/.sdkman/candidates/java/21.0.6-tem/lib/libswoval-files0.jnilib failed, dlopen(/Users/williampattle/.sdkman/candidates/java/21.0.6-tem/lib/libswoval-files0.jnilib, 0x0001): tried: '/Users/williampattle/.sdkman/ca
Event: 0.735 Loading shared library /Users/williampattle/Library/Java/Extensions/libswoval-files0.dylib failed, dlopen(/Users/williampattle/Library/Java/Extensions/libswoval-files0.dylib, 0x0001): tried: '/Users/williampattle/Library/Java/Extensions/libswoval-files0.d
Event: 0.735 Loading shared library /Users/williampattle/Library/Java/Extensions/libswoval-files0.jnilib failed, dlopen(/Users/williampattle/Library/Java/Extensions/libswoval-files0.jnilib, 0x0001): tried: '/Users/williampattle/Library/Java/Extensions/libswoval-files0
Event: 0.735 Loading shared library /Library/Java/Extensions/libswoval-files0.dylib failed, dlopen(/Library/Java/Extensions/libswoval-files0.dylib, 0x0001): tried: '/Library/Java/Extensions/libswoval-files0.dylib' (no such file), '/System/Volumes/Preboot/Cryptexes/OS/
Event: 0.735 Loading shared library /Library/Java/Extensions/libswoval-files0.jnilib failed, dlopen(/Library/Java/Extensions/libswoval-files0.jnilib, 0x0001): tried: '/Library/Java/Extensions/libswoval-files0.jnilib' (no such file), '/System/Volumes/Preboot/Cryptexes/
Event: 0.735 Loading shared library /Network/Library/Java/Extensions/libswoval-files0.dylib failed, dlopen(/Network/Library/Java/Extensions/libswoval-files0.dylib, 0x0001): tried: '/Network/Library/Java/Extensions/libswoval-files0.dylib' (no such file), '/System/Volum
Event: 0.735 Loading shared library /Network/Library/Java/Extensions/libswoval-files0.jnilib failed, dlopen(/Network/Library/Java/Extensions/libswoval-files0.jnilib, 0x0001): tried: '/Network/Library/Java/Extensions/libswoval-files0.jnilib' (no such file), '/System/Vo
Event: 0.735 Loading shared library /System/Library/Java/Extensions/libswoval-files0.dylib failed, dlopen(/System/Library/Java/Extensions/libswoval-files0.dylib, 0x0001): tried: '/System/Library/Java/Extensions/libswoval-files0.dylib' (no such file), '/System/Volumes/
Event: 0.735 Loading shared library /System/Library/Java/Extensions/libswoval-files0.jnilib failed, dlopen(/System/Library/Java/Extensions/libswoval-files0.jnilib, 0x0001): tried: '/System/Library/Java/Extensions/libswoval-files0.jnilib' (no such file), '/System/Volum
Event: 0.735 Loading shared library /usr/lib/java/libswoval-files0.dylib failed, dlopen(/usr/lib/java/libswoval-files0.dylib, 0x0001): tried: '/usr/lib/java/libswoval-files0.dylib' (no such file), '/System/Volumes/Preboot/Cryptexes/OS/usr/lib/java/libswoval-files0.dyl
Event: 0.735 Loading shared library /usr/lib/java/libswoval-files0.jnilib failed, dlopen(/usr/lib/java/libswoval-files0.jnilib, 0x0001): tried: '/usr/lib/java/libswoval-files0.jnilib' (no such file), '/System/Volumes/Preboot/Cryptexes/OS/usr/lib/java/libswoval-files0.
Event: 0.735 Loading shared library /Users/williampattle/Applications/hmrc/securities-transfer-charge-frontend/libswoval-files0.dylib failed, dlopen(/Users/williampattle/Applications/hmrc/securities-transfer-charge-frontend/libswoval-files0.dylib, 0x0001): tried: '/Us
Event: 0.735 Loading shared library /Users/williampattle/Applications/hmrc/securities-transfer-charge-frontend/libswoval-files0.jnilib failed, dlopen(/Users/williampattle/Applications/hmrc/securities-transfer-charge-frontend/libswoval-files0.jnilib, 0x0001): tried: '/
Event: 0.875 Loaded shared library /private/var/folders/g1/lqnz451x5gvdfmss8_cvqclw0000gn/T/.sbtd8dab0dc/swoval/swoval-jni/8597129520942853903-libswoval-files0.dylib
Event: 1.878 Loaded shared library /Users/williampattle/.sdkman/candidates/java/21.0.6-tem/lib/libverify.dylib
Event: 2.856 Loaded shared library /Users/williampattle/Library/Caches/JNA/temp/jna17968130179710291824.tmp

Deoptimization events (20 events):
Event: 528658.323 Thread 0x0000000be57a5c00 DEOPT PACKING pc=0x0000000114742684 sp=0x0000000300812750
Event: 528658.323 Thread 0x0000000be57a5c00 DEOPT UNPACKING pc=0x000000011427ae7c sp=0x0000000300812330 mode 1
Event: 528659.182 Thread 0x0000000be15ab100 DEOPT PACKING pc=0x0000000114742684 sp=0x0000000178c4d370
Event: 528659.182 Thread 0x0000000be15ab100 DEOPT UNPACKING pc=0x000000011427ae7c sp=0x0000000178c4cf50 mode 1
Event: 528660.059 Thread 0x0000000bdd13a300 DEOPT PACKING pc=0x0000000117063720 sp=0x000000016e3ce7e0
Event: 528660.059 Thread 0x0000000bdd13a300 DEOPT UNPACKING pc=0x000000011427ae7c sp=0x000000016e3ce340 mode 1
Event: 528663.569 Thread 0x0000000be15ab100 DEOPT PACKING pc=0x0000000114742684 sp=0x0000000178c4d370
Event: 528663.569 Thread 0x0000000be15ab100 DEOPT UNPACKING pc=0x000000011427ae7c sp=0x0000000178c4cf50 mode 1
Event: 528668.030 Thread 0x0000000be41f0700 DEOPT PACKING pc=0x0000000114742684 sp=0x0000000178436860
Event: 528668.030 Thread 0x0000000be41f0700 DEOPT UNPACKING pc=0x000000011427ae7c sp=0x0000000178436440 mode 1
Event: 528669.811 Thread 0x0000000bdd13a300 DEOPT PACKING pc=0x0000000117063720 sp=0x000000016e3ce7e0
Event: 528669.811 Thread 0x0000000bdd13a300 DEOPT UNPACKING pc=0x000000011427ae7c sp=0x000000016e3ce340 mode 1
Event: 528680.306 Thread 0x0000000be41f0700 DEOPT PACKING pc=0x0000000114742684 sp=0x0000000178436860
Event: 528680.306 Thread 0x0000000be41f0700 DEOPT UNPACKING pc=0x000000011427ae7c sp=0x0000000178436440 mode 1
Event: 528687.368 Thread 0x0000000bdd13a300 DEOPT PACKING pc=0x0000000117063720 sp=0x000000016e3ce7e0
Event: 528687.368 Thread 0x0000000bdd13a300 DEOPT UNPACKING pc=0x000000011427ae7c sp=0x000000016e3ce340 mode 1
Event: 528688.226 Thread 0x0000000be41f0700 DEOPT PACKING pc=0x0000000114742684 sp=0x0000000178436860
Event: 528688.226 Thread 0x0000000be41f0700 DEOPT UNPACKING pc=0x000000011427ae7c sp=0x0000000178436440 mode 1
Event: 528691.701 Thread 0x0000000bdd13a300 DEOPT PACKING pc=0x0000000117063720 sp=0x000000016e3ce7e0
Event: 528691.701 Thread 0x0000000bdd13a300 DEOPT UNPACKING pc=0x000000011427ae7c sp=0x000000016e3ce340 mode 1

Classes loaded (20 events):
Event: 1068.797 Loading class java/util/Formatter$FormatSpecifier$BigDecimalLayout
Event: 1068.797 Loading class java/util/Formatter$FormatSpecifier$BigDecimalLayout done
Event: 1068.797 Loading class java/util/Formatter$BigDecimalLayoutForm
Event: 1068.797 Loading class java/util/Formatter$BigDecimalLayoutForm done
Event: 1068.912 Loading class com/sun/xml/internal/stream/util/ReadOnlyIterator
Event: 1068.912 Loading class com/sun/xml/internal/stream/util/ReadOnlyIterator done
Event: 1068.912 Loading class com/sun/xml/internal/stream/events/EndDocumentEvent
Event: 1068.912 Loading class javax/xml/stream/events/EndDocument
Event: 1068.912 Loading class javax/xml/stream/events/EndDocument done
Event: 1068.912 Loading class com/sun/xml/internal/stream/events/EndDocumentEvent done
Event: 12221.512 Loading class java/lang/NegativeArraySizeException
Event: 12221.513 Loading class java/lang/NegativeArraySizeException done
Event: 226708.398 Loading class java/util/concurrent/locks/StampedLock$WriterNode
Event: 226708.399 Loading class java/util/concurrent/locks/StampedLock$Node
Event: 226708.399 Loading class java/util/concurrent/locks/StampedLock$Node done
Event: 226708.399 Loading class java/util/concurrent/locks/StampedLock$WriterNode done
Event: 505905.602 Loading class java/lang/Throwable$WrappedPrintStream
Event: 505905.603 Loading class java/lang/Throwable$PrintStreamOrWriter
Event: 505905.604 Loading class java/lang/Throwable$PrintStreamOrWriter done
Event: 505905.604 Loading class java/lang/Throwable$WrappedPrintStream done

Classes unloaded (20 events):
Event: 505871.819 Thread 0x0000000bdcfb2800 Unloading class 0x0000007001d20c00 'java/lang/invoke/LambdaForm$MH+0x0000007001d20c00'
Event: 505871.819 Thread 0x0000000bdcfb2800 Unloading class 0x00000070043c5c00 'java/lang/invoke/LambdaForm$MH+0x00000070043c5c00'
Event: 505879.149 Thread 0x0000000bdcfb2800 Unloading class 0x00000070043c5c00 'java/lang/invoke/LambdaForm$MH+0x00000070043c5c00'
Event: 505879.149 Thread 0x0000000bdcfb2800 Unloading class 0x0000007001d20c00 'java/lang/invoke/LambdaForm$MH+0x0000007001d20c00'
Event: 505879.149 Thread 0x0000000bdcfb2800 Unloading class 0x0000007002659000 'java/lang/invoke/LambdaForm$MH+0x0000007002659000'
Event: 505886.490 Thread 0x0000000bdcfb2800 Unloading class 0x0000007002659000 'java/lang/invoke/LambdaForm$MH+0x0000007002659000'
Event: 505886.490 Thread 0x0000000bdcfb2800 Unloading class 0x0000007001d20c00 'java/lang/invoke/LambdaForm$MH+0x0000007001d20c00'
Event: 505886.490 Thread 0x0000000bdcfb2800 Unloading class 0x00000070043c5c00 'java/lang/invoke/LambdaForm$MH+0x00000070043c5c00'
Event: 505894.128 Thread 0x0000000bdcfb2800 Unloading class 0x00000070043c5c00 'java/lang/invoke/LambdaForm$MH+0x00000070043c5c00'
Event: 505894.128 Thread 0x0000000bdcfb2800 Unloading class 0x0000007001d20c00 'java/lang/invoke/LambdaForm$MH+0x0000007001d20c00'
Event: 505894.128 Thread 0x0000000bdcfb2800 Unloading class 0x0000007002659000 'java/lang/invoke/LambdaForm$MH+0x0000007002659000'
Event: 505902.223 Thread 0x0000000bdcfb2800 Unloading class 0x0000007002659000 'java/lang/invoke/LambdaForm$MH+0x0000007002659000'
Event: 505902.223 Thread 0x0000000bdcfb2800 Unloading class 0x0000007001d20c00 'java/lang/invoke/LambdaForm$MH+0x0000007001d20c00'
Event: 505902.223 Thread 0x0000000bdcfb2800 Unloading class 0x00000070043c5c00 'java/lang/invoke/LambdaForm$MH+0x00000070043c5c00'
Event: 505909.457 Thread 0x0000000bdcfb2800 Unloading class 0x00000070043c5c00 'java/lang/invoke/LambdaForm$MH+0x00000070043c5c00'
Event: 505909.457 Thread 0x0000000bdcfb2800 Unloading class 0x0000007001d20c00 'java/lang/invoke/LambdaForm$MH+0x0000007001d20c00'
Event: 505909.457 Thread 0x0000000bdcfb2800 Unloading class 0x0000007002659000 'java/lang/invoke/LambdaForm$MH+0x0000007002659000'
Event: 505917.578 Thread 0x0000000bdcfb2800 Unloading class 0x0000007002659000 'java/lang/invoke/LambdaForm$MH+0x0000007002659000'
Event: 505917.578 Thread 0x0000000bdcfb2800 Unloading class 0x0000007001d20c00 'java/lang/invoke/LambdaForm$MH+0x0000007001d20c00'
Event: 505917.578 Thread 0x0000000bdcfb2800 Unloading class 0x00000070043c5c00 'java/lang/invoke/LambdaForm$MH+0x00000070043c5c00'

Classes redefined (0 events):
No events

Internal exceptions (20 events):
Event: 528660.059 Thread 0x0000000bdd13a300 Exception <a 'java/lang/OutOfMemoryError'{0x00000007c03494b8}> (0x00000007c03494b8) 
thrown [src/hotspot/share/gc/shared/memAllocator.cpp, line 136]
Event: 528660.942 Thread 0x0000000bdd139c00 Exception <a 'java/lang/OutOfMemoryError'{0x00000007c03494b8}> (0x00000007c03494b8) 
thrown [src/hotspot/share/gc/shared/memAllocator.cpp, line 136]
Event: 528663.569 Thread 0x0000000be15ab100 Exception <a 'java/lang/OutOfMemoryError'{0x00000007c03494b8}> (0x00000007c03494b8) 
thrown [src/hotspot/share/gc/shared/memAllocator.cpp, line 136]
Event: 528666.243 Thread 0x0000000bdd139c00 Exception <a 'java/lang/OutOfMemoryError'{0x00000007c03494b8}> (0x00000007c03494b8) 
thrown [src/hotspot/share/gc/shared/memAllocator.cpp, line 136]
Event: 528667.138 Thread 0x0000000be37a4000 Exception <a 'java/lang/OutOfMemoryError'{0x00000007c03494b8}> (0x00000007c03494b8) 
thrown [src/hotspot/share/gc/shared/memAllocator.cpp, line 136]
Event: 528668.030 Thread 0x0000000be41f0700 Exception <a 'java/lang/OutOfMemoryError'{0x00000007c03494b8}> (0x00000007c03494b8) 
thrown [src/hotspot/share/gc/shared/memAllocator.cpp, line 136]
Event: 528669.811 Thread 0x0000000bdd13a300 Exception <a 'java/lang/OutOfMemoryError'{0x00000007c03494b8}> (0x00000007c03494b8) 
thrown [src/hotspot/share/gc/shared/memAllocator.cpp, line 136]
Event: 528672.465 Thread 0x0000000be42c3800 Exception <a 'java/lang/OutOfMemoryError'{0x00000007c03494b8}> (0x00000007c03494b8) 
thrown [src/hotspot/share/gc/shared/memAllocator.cpp, line 136]
Event: 528673.331 Thread 0x0000000be37a6300 Exception <a 'java/lang/OutOfMemoryError'{0x00000007c03494b8}> (0x00000007c03494b8) 
thrown [src/hotspot/share/gc/shared/memAllocator.cpp, line 136]
Event: 528675.938 Thread 0x0000000be37a4000 Exception <a 'java/lang/OutOfMemoryError'{0x00000007c03494b8}> (0x00000007c03494b8) 
thrown [src/hotspot/share/gc/shared/memAllocator.cpp, line 136]
Event: 528678.565 Thread 0x0000000bdd139c00 Exception <a 'java/lang/OutOfMemoryError'{0x00000007c03494b8}> (0x00000007c03494b8) 
thrown [src/hotspot/share/gc/shared/memAllocator.cpp, line 136]
Event: 528680.306 Thread 0x0000000be41f0700 Exception <a 'java/lang/OutOfMemoryError'{0x00000007c03494b8}> (0x00000007c03494b8) 
thrown [src/hotspot/share/gc/shared/memAllocator.cpp, line 136]
Event: 528682.103 Thread 0x0000000be37a4000 Exception <a 'java/lang/OutOfMemoryError'{0x00000007c03494b8}> (0x00000007c03494b8) 
thrown [src/hotspot/share/gc/shared/memAllocator.cpp, line 136]
Event: 528684.755 Thread 0x0000000bdd139c00 Exception <a 'java/lang/OutOfMemoryError'{0x00000007c03494b8}> (0x00000007c03494b8) 
thrown [src/hotspot/share/gc/shared/memAllocator.cpp, line 136]
Event: 528686.509 Thread 0x0000000be37a6300 Exception <a 'java/lang/OutOfMemoryError'{0x00000007c03494b8}> (0x00000007c03494b8) 
thrown [src/hotspot/share/gc/shared/memAllocator.cpp, line 136]
Event: 528687.368 Thread 0x0000000bdd13a300 Exception <a 'java/lang/OutOfMemoryError'{0x00000007c03494b8}> (0x00000007c03494b8) 
thrown [src/hotspot/share/gc/shared/memAllocator.cpp, line 136]
Event: 528688.226 Thread 0x0000000be41f0700 Exception <a 'java/lang/OutOfMemoryError'{0x00000007c03494b8}> (0x00000007c03494b8) 
thrown [src/hotspot/share/gc/shared/memAllocator.cpp, line 136]
Event: 528689.965 Thread 0x0000000bdd139c00 Exception <a 'java/lang/OutOfMemoryError'{0x00000007c03494b8}> (0x00000007c03494b8) 
thrown [src/hotspot/share/gc/shared/memAllocator.cpp, line 136]
Event: 528691.701 Thread 0x0000000bdd13a300 Exception <a 'java/lang/OutOfMemoryError'{0x00000007c03494b8}> (0x00000007c03494b8) 
thrown [src/hotspot/share/gc/shared/memAllocator.cpp, line 136]
Event: 528694.343 Thread 0x0000000be42c3800 Exception <a 'java/lang/OutOfMemoryError'{0x00000007c03494b8}> (0x00000007c03494b8) 
thrown [src/hotspot/share/gc/shared/memAllocator.cpp, line 136]

ZGC Phase Switch (0 events):
No events

VM Operations (20 events):
Event: 528687.368 Executing VM operation: G1CollectForAllocation (G1 Evacuation Pause) done
Event: 528687.368 Executing VM operation: G1CollectForAllocation (G1 Evacuation Pause)
Event: 528688.226 Executing VM operation: G1CollectForAllocation (G1 Evacuation Pause) done
Event: 528688.226 Executing VM operation: G1CollectForAllocation (G1 Evacuation Pause)
Event: 528689.107 Executing VM operation: G1CollectForAllocation (G1 Evacuation Pause) done
Event: 528689.107 Executing VM operation: G1CollectForAllocation (G1 Evacuation Pause)
Event: 528689.965 Executing VM operation: G1CollectForAllocation (G1 Evacuation Pause) done
Event: 528689.965 Executing VM operation: G1CollectForAllocation (G1 Evacuation Pause)
Event: 528690.832 Executing VM operation: G1CollectForAllocation (G1 Evacuation Pause) done
Event: 528690.832 Executing VM operation: G1CollectForAllocation (G1 Evacuation Pause)
Event: 528691.701 Executing VM operation: G1CollectForAllocation (G1 Evacuation Pause) done
Event: 528691.701 Executing VM operation: G1CollectForAllocation (G1 Evacuation Pause)
Event: 528692.557 Executing VM operation: G1CollectForAllocation (G1 Evacuation Pause) done
Event: 528692.557 Executing VM operation: G1CollectForAllocation (G1 Evacuation Pause)
Event: 528693.436 Executing VM operation: G1CollectForAllocation (G1 Evacuation Pause) done
Event: 528693.436 Executing VM operation: G1CollectForAllocation (G1 Evacuation Pause)
Event: 528694.343 Executing VM operation: G1CollectForAllocation (G1 Evacuation Pause) done
Event: 528694.343 Executing VM operation: G1CollectForAllocation (G1 Evacuation Pause)
Event: 528695.215 Executing VM operation: G1CollectForAllocation (G1 Evacuation Pause) done
Event: 528695.215 Executing VM operation: G1CollectForAllocation (G1 Evacuation Pause)

Memory protections (20 events):
Event: 452939.797 Protecting memory [0x000000017272c000,0x0000000172738000] with protection modes 3
Event: 453140.086 Protecting memory [0x000000017272c000,0x0000000172738000] with protection modes 0
Event: 453240.146 Protecting memory [0x000000017272c000,0x0000000172738000] with protection modes 3
Event: 454181.365 Protecting memory [0x000000017272c000,0x0000000172738000] with protection modes 0
Event: 454241.370 Protecting memory [0x0000000172b38000,0x0000000172b44000] with protection modes 3
Event: 454641.948 Protecting memory [0x0000000172b38000,0x0000000172b44000] with protection modes 0
Event: 454701.956 Protecting memory [0x000000017272c000,0x0000000172738000] with protection modes 3
Event: 475054.986 Protecting memory [0x000000017272c000,0x0000000172738000] with protection modes 0
Event: 475114.990 Protecting memory [0x0000000172b38000,0x0000000172b44000] with protection modes 3
Event: 476346.575 Protecting memory [0x0000000172b38000,0x0000000172b44000] with protection modes 0
Event: 476406.582 Protecting memory [0x000000017272c000,0x0000000172738000] with protection modes 3
Event: 505871.857 Protecting memory [0x000000017272c000,0x0000000172738000] with protection modes 0
Event: 505905.658 Protecting memory [0x00000001767ec000,0x00000001767f8000] with protection modes 3
Event: 505905.670 Protecting memory [0x0000000174fa4000,0x0000000174fb0000] with protection modes 3
Event: 505926.395 Protecting memory [0x000000017e5a0000,0x000000017e5ac000] with protection modes 3
Event: 505933.340 Protecting memory [0x0000000172b38000,0x0000000172b44000] with protection modes 3
Event: 505934.198 Protecting memory [0x00000001716bc000,0x00000001716c8000] with protection modes 3
Event: 505950.349 Protecting memory [0x000000017cd58000,0x000000017cd64000] with protection modes 3
Event: 505954.471 Protecting memory [0x000000017dd88000,0x000000017dd94000] with protection modes 3
Event: 505962.209 Protecting memory [0x000000017272c000,0x0000000172738000] with protection modes 3

Nmethod flushes (20 events):
Event: 506793.112 Thread 0x0000000bdcfb2800 flushing  nmethod 0x0000000115b0c510
Event: 506793.112 Thread 0x0000000bdcfb2800 flushing  nmethod 0x0000000115b0c810
Event: 506793.112 Thread 0x0000000bdcfb2800 flushing  nmethod 0x00000001164f4b90
Event: 506793.112 Thread 0x0000000bdcfb2800 flushing  nmethod 0x00000001164f5c10
Event: 506793.112 Thread 0x0000000bdcfb2800 flushing  nmethod 0x0000000116527f10
Event: 506793.112 Thread 0x0000000bdcfb2800 flushing  nmethod 0x0000000116697790
Event: 506793.112 Thread 0x0000000bdcfb2800 flushing  nmethod 0x00000001166b3a90
Event: 506793.112 Thread 0x0000000bdcfb2800 flushing  nmethod 0x00000001166e8910
Event: 506793.112 Thread 0x0000000bdcfb2800 flushing  nmethod 0x00000001166e8c10
Event: 506793.112 Thread 0x0000000bdcfb2800 flushing  nmethod 0x00000001166f1410
Event: 506793.112 Thread 0x0000000bdcfb2800 flushing  nmethod 0x00000001166f1710
Event: 506793.112 Thread 0x0000000bdcfb2800 flushing  nmethod 0x00000001183e3010
Event: 506793.112 Thread 0x0000000bdcfb2800 flushing  nmethod 0x00000001184c3e10
Event: 506793.112 Thread 0x0000000bdcfb2800 flushing  nmethod 0x00000001184c5e10
Event: 506793.112 Thread 0x0000000bdcfb2800 flushing  nmethod 0x00000001184c6910
Event: 506793.112 Thread 0x0000000bdcfb2800 flushing  nmethod 0x0000000118658090
Event: 506793.112 Thread 0x0000000bdcfb2800 flushing  nmethod 0x0000000118699e10
Event: 506793.112 Thread 0x0000000bdcfb2800 flushing  nmethod 0x00000001186cf390
Event: 506793.112 Thread 0x0000000bdcfb2800 flushing  nmethod 0x0000000118804810
Event: 522098.722 Thread 0x0000000bdcfb2800 flushing  nmethod 0x000000011438ba10

Events (20 events):
Event: 452939.797 Thread 0x0000000be7b7e300 Thread exited: 0x0000000be7b7e300
Event: 453140.086 Thread 0x0000000be5d0b100 Thread added: 0x0000000be7b7e300
Event: 453240.146 Thread 0x0000000be7b7e300 Thread exited: 0x0000000be7b7e300
Event: 454181.365 Thread 0x0000000be5d0b100 Thread added: 0x0000000be7b7e300
Event: 454241.370 Thread 0x0000000be7b7f800 Thread exited: 0x0000000be7b7f800
Event: 454641.948 Thread 0x0000000be5d0b100 Thread added: 0x0000000be7b7f800
Event: 454701.956 Thread 0x0000000be7b7e300 Thread exited: 0x0000000be7b7e300
Event: 475054.986 Thread 0x0000000be5d0b100 Thread added: 0x0000000be7b7e300
Event: 475114.990 Thread 0x0000000be7b7f800 Thread exited: 0x0000000be7b7f800
Event: 476346.575 Thread 0x0000000be57a7100 Thread added: 0x0000000be7b7f800
Event: 476406.582 Thread 0x0000000be7b7e300 Thread exited: 0x0000000be7b7e300
Event: 505871.857 Thread 0x0000000be40b4700 Thread added: 0x0000000be7b7c700
Event: 505905.658 Thread 0x0000000be5d0b100 Thread exited: 0x0000000be5d0b100
Event: 505905.670 Thread 0x0000000be40b4700 Thread exited: 0x0000000be40b4700
Event: 505926.395 Thread 0x0000000be4774700 Thread exited: 0x0000000be4774700
Event: 505934.198 Thread 0x0000000be7b7f800 Thread exited: 0x0000000be7b7f800
Event: 505935.049 Thread 0x0000000be28dce00 Thread exited: 0x0000000be28dce00
Event: 505950.349 Thread 0x0000000be419f800 Thread exited: 0x0000000be419f800
Event: 505954.471 Thread 0x0000000be436b800 Thread exited: 0x0000000be436b800
Event: 505962.209 Thread 0x0000000be7b7c700 Thread exited: 0x0000000be7b7c700


Dynamic libraries:
0x0000000104ed8000 	/Users/williampattle/.sdkman/candidates/java/21.0.6-tem/lib/libjli.dylib
0x00000001aed31000 	/System/Library/Frameworks/Cocoa.framework/Versions/A/Cocoa
0x0000000193a17000 	/System/Library/Frameworks/AppKit.framework/Versions/C/AppKit
0x0000000197056000 	/System/Library/Frameworks/CoreData.framework/Versions/A/CoreData
0x0000000190e12000 	/System/Library/Frameworks/Foundation.framework/Versions/C/Foundation
0x000000019f3b4000 	/usr/lib/libSystem.B.dylib
0x000000019513a000 	/System/Library/PrivateFrameworks/UIFoundation.framework/Versions/A/UIFoundation
0x0000000247e50000 	/System/Library/PrivateFrameworks/CollectionViewCore.framework/Versions/A/CollectionViewCore
0x000000019c65b000 	/System/Library/PrivateFrameworks/XCTTargetBootstrap.framework/Versions/A/XCTTargetBootstrap
0x000000025a6a8000 	/System/Library/PrivateFrameworks/GenerativeModels.framework/Versions/A/GenerativeModels
0x00000001a1d48000 	/System/Library/PrivateFrameworks/InternationalSupport.framework/Versions/A/InternationalSupport
0x00000001a20a4000 	/System/Library/PrivateFrameworks/UserActivity.framework/Versions/A/UserActivity
0x00000001976eb000 	/System/Library/PrivateFrameworks/BaseBoard.framework/Versions/A/BaseBoard
0x00000002518be000 	/System/Library/PrivateFrameworks/FrontBoard.framework/Versions/A/FrontBoard
0x00000001a9a74000 	/System/Library/PrivateFrameworks/FrontBoardServices.framework/Versions/A/FrontBoardServices
0x0000000292670000 	/usr/lib/libRosetta.dylib
0x0000000285994000 	/System/Library/PrivateFrameworks/UIIntelligenceSupport.framework/Versions/A/UIIntelligenceSupport
0x000000023c1e7000 	/System/Library/Frameworks/SwiftUICore.framework/Versions/A/SwiftUICore
0x000000028c528000 	/System/Library/PrivateFrameworks/WritingTools.framework/Versions/A/WritingTools
0x000000028b323000 	/System/Library/PrivateFrameworks/WindowManagement.framework/Versions/A/WindowManagement
0x0000000190a81000 	/System/Library/Frameworks/SystemConfiguration.framework/Versions/A/SystemConfiguration
0x00000001a0fb3000 	/usr/lib/libspindump.dylib
0x00000001952f3000 	/System/Library/Frameworks/UniformTypeIdentifiers.framework/Versions/A/UniformTypeIdentifiers
0x000000019e60b000 	/usr/lib/libbsm.0.dylib
0x0000000199ded000 	/usr/lib/libapp_launch_measurement.dylib
0x00000001990f6000 	/System/Library/PrivateFrameworks/CoreAnalytics.framework/Versions/A/CoreAnalytics
0x0000000199df1000 	/System/Library/PrivateFrameworks/CoreAutoLayout.framework/Versions/A/CoreAutoLayout
0x000000019bbd4000 	/System/Library/Frameworks/Metal.framework/Versions/A/Metal
0x000000019cf97000 	/usr/lib/liblangid.dylib
0x000000019c661000 	/System/Library/PrivateFrameworks/CoreSVG.framework/Versions/A/CoreSVG
0x0000000195d4d000 	/System/Library/PrivateFrameworks/SkyLight.framework/Versions/A/SkyLight
0x00000002515f3000 	/System/Library/PrivateFrameworks/FocusEngine.framework/Versions/A/FocusEngine
0x0000000196304000 	/System/Library/Frameworks/CoreGraphics.framework/Versions/A/CoreGraphics
0x000000024efff000 	/System/Library/PrivateFrameworks/DesignLibrary.framework/Versions/A/DesignLibrary
0x00000001a7d00000 	/System/Library/Frameworks/Accelerate.framework/Versions/A/Accelerate
0x00000001a0da9000 	/System/Library/PrivateFrameworks/IconServices.framework/Versions/A/IconServices
0x000000019bbac000 	/System/Library/Frameworks/IOSurface.framework/Versions/A/IOSurface
0x0000000199126000 	/usr/lib/libDiagnosticMessagesClient.dylib
0x000000019f2fe000 	/usr/lib/libz.1.dylib
0x00000001ac14e000 	/System/Library/Frameworks/ApplicationServices.framework/Versions/A/ApplicationServices
0x000000019c646000 	/System/Library/PrivateFrameworks/DFRFoundation.framework/Versions/A/DFRFoundation
0x0000000193266000 	/usr/lib/libicucore.A.dylib
0x00000001a32cf000 	/System/Library/Frameworks/AudioToolbox.framework/Versions/A/AudioToolbox
0x00000001a2052000 	/System/Library/PrivateFrameworks/DataDetectorsCore.framework/Versions/A/DataDetectorsCore
0x00000002868dd000 	/System/Library/PrivateFrameworks/UpdateCycle.framework/Versions/A/UpdateCycle
0x00000001c0691000 	/System/Library/PrivateFrameworks/TextInput.framework/Versions/A/TextInput
0x0000000195c91000 	/usr/lib/libMobileGestalt.dylib
0x000000019c34a000 	/System/Library/Frameworks/Carbon.framework/Versions/A/Frameworks/HIToolbox.framework/Versions/A/HIToolbox
0x0000000199650000 	/System/Library/Frameworks/QuartzCore.framework/Versions/A/QuartzCore
0x0000000192e47000 	/System/Library/Frameworks/Security.framework/Versions/A/Security
0x00000001a766f000 	/System/Library/Frameworks/Carbon.framework/Versions/A/Frameworks/SpeechRecognition.framework/Versions/A/SpeechRecognition
0x0000000199ab8000 	/System/Library/PrivateFrameworks/CoreUI.framework/Versions/A/CoreUI
0x00000001926b1000 	/System/Library/Frameworks/CoreAudio.framework/Versions/A/CoreAudio
0x0000000199221000 	/System/Library/Frameworks/DiskArbitration.framework/Versions/A/DiskArbitration
0x00000001a1551000 	/System/Library/PrivateFrameworks/MultitouchSupport.framework/Versions/A/MultitouchSupport
0x0000000195c8f000 	/usr/lib/libenergytrace.dylib
0x00000001b39d8000 	/System/Library/PrivateFrameworks/RenderBox.framework/Versions/A/RenderBox
0x00000001938be000 	/System/Library/Frameworks/IOKit.framework/Versions/A/IOKit
0x00000001a7a81000 	/System/Library/Frameworks/CoreServices.framework/Versions/A/CoreServices
0x0000000199d74000 	/System/Library/PrivateFrameworks/PerformanceAnalysis.framework/Versions/A/PerformanceAnalysis
0x0000000234ad4000 	/System/Library/Frameworks/OpenGL.framework/Versions/A/OpenGL
0x0000000199e3a000 	/usr/lib/libxml2.2.dylib
0x000000019e4ec000 	/System/Library/PrivateFrameworks/MobileKeyBag.framework/Versions/A/MobileKeyBag
0x000000018f100000 	/usr/lib/libobjc.A.dylib
0x000000018f475000 	/usr/lib/libc++.1.dylib
0x00000001a79ff000 	/System/Library/Frameworks/Accessibility.framework/Versions/A/Accessibility
0x0000000196a5a000 	/System/Library/Frameworks/ColorSync.framework/Versions/A/ColorSync
0x000000018f5a5000 	/System/Library/Frameworks/CoreFoundation.framework/Versions/A/CoreFoundation
0x000000019c9df000 	/System/Library/Frameworks/CoreImage.framework/Versions/A/CoreImage
0x0000000192488000 	/System/Library/Frameworks/CoreText.framework/Versions/A/CoreText
0x00000002364d4000 	/System/Library/Frameworks/CoreTransferable.framework/Versions/A/CoreTransferable
0x00000002369ef000 	/System/Library/Frameworks/DataDetection.framework/Versions/A/DataDetection
0x0000000236a06000 	/System/Library/Frameworks/DeveloperToolsSupport.framework/Versions/A/DeveloperToolsSupport
0x000000019c69f000 	/System/Library/Frameworks/ImageIO.framework/Versions/A/ImageIO
0x000000023d144000 	/System/Library/Frameworks/Symbols.framework/Versions/A/Symbols
0x00000001c5a0c000 	/System/Library/PrivateFrameworks/AttributeGraph.framework/Versions/A/AttributeGraph
0x00000001a9b4e000 	/System/Library/PrivateFrameworks/BoardServices.framework/Versions/A/BoardServices
0x00000001eac4a000 	/System/Library/PrivateFrameworks/FeatureFlags.framework/Versions/A/FeatureFlags
0x000000025ab53000 	/System/Library/PrivateFrameworks/Gestures.framework/Versions/A/Gestures
0x000000019f3b8000 	/System/Library/PrivateFrameworks/SoftLinking.framework/Versions/A/SoftLinking
0x00000001d46ed000 	/usr/lib/swift/libswiftAccelerate.dylib
0x00000001ca862000 	/usr/lib/swift/libswiftCompression.dylib
0x00000001a2c24000 	/usr/lib/swift/libswiftCore.dylib
0x00000001bc8af000 	/usr/lib/swift/libswiftCoreFoundation.dylib
0x00000001bc90f000 	/usr/lib/swift/libswiftCoreImage.dylib
0x00000001a97ed000 	/usr/lib/swift/libswiftDispatch.dylib
0x00000001bc910000 	/usr/lib/swift/libswiftIOKit.dylib
0x00000001ca854000 	/usr/lib/swift/libswiftMetal.dylib
0x00000001da01b000 	/usr/lib/swift/libswiftOSLog.dylib
0x00000001ac7c5000 	/usr/lib/swift/libswiftObjectiveC.dylib
0x0000000293de9000 	/usr/lib/swift/libswiftObservation.dylib
0x00000001cfc49000 	/usr/lib/swift/libswiftQuartzCore.dylib
0x0000000293eab000 	/usr/lib/swift/libswiftSpatial.dylib
0x0000000293f25000 	/usr/lib/swift/libswiftSynchronization.dylib
0x00000001d46dd000 	/usr/lib/swift/libswiftUniformTypeIdentifiers.dylib
0x00000001bc8c2000 	/usr/lib/swift/libswiftXPC.dylib
0x0000000293f6b000 	/usr/lib/swift/libswift_Builtin_float.dylib
0x0000000293f6c000 	/usr/lib/swift/libswift_Concurrency.dylib
0x00000001ac7c9000 	/usr/lib/swift/libswiftos.dylib
0x00000001c0403000 	/usr/lib/swift/libswiftsimd.dylib
0x000000019f5dc000 	/usr/lib/libcompression.dylib
0x00000001a1cb1000 	/System/Library/PrivateFrameworks/TextureIO.framework/Versions/A/TextureIO
0x0000000196c02000 	/System/Library/Frameworks/ApplicationServices.framework/Versions/A/Frameworks/HIServices.framework/Versions/A/HIServices
0x00000001a0a33000 	/usr/lib/libate.dylib
0x000000019f3ae000 	/usr/lib/system/libcache.dylib
0x000000019f369000 	/usr/lib/system/libcommonCrypto.dylib
0x000000019f394000 	/usr/lib/system/libcompiler_rt.dylib
0x000000019f389000 	/usr/lib/system/libcopyfile.dylib
0x000000018f2a9000 	/usr/lib/system/libcorecrypto.dylib
0x000000018f3a9000 	/usr/lib/system/libdispatch.dylib
0x000000018f153000 	/usr/lib/system/libdyld.dylib
0x000000019f3a4000 	/usr/lib/system/libkeymgr.dylib
0x000000019f34c000 	/usr/lib/system/libmacho.dylib
0x000000019e5e3000 	/usr/lib/system/libquarantine.dylib
0x000000019f3a1000 	/usr/lib/system/libremovefile.dylib
0x0000000195d11000 	/usr/lib/system/libsystem_asl.dylib
0x000000018f22f000 	/usr/lib/system/libsystem_blocks.dylib
0x000000018f3f4000 	/usr/lib/system/libsystem_c.dylib
0x000000019f398000 	/usr/lib/system/libsystem_collections.dylib
0x000000019cf84000 	/usr/lib/system/libsystem_configuration.dylib
0x000000019bb73000 	/usr/lib/system/libsystem_containermanager.dylib
0x000000019ed82000 	/usr/lib/system/libsystem_coreservices.dylib
0x000000019353c000 	/usr/lib/system/libsystem_darwin.dylib
0x000000029428d000 	/usr/lib/system/libsystem_darwindirectory.dylib
0x000000019f3a5000 	/usr/lib/system/libsystem_dnssd.dylib
0x0000000294291000 	/usr/lib/system/libsystem_eligibility.dylib
0x000000018f3f1000 	/usr/lib/system/libsystem_featureflags.dylib
0x000000018f575000 	/usr/lib/system/libsystem_info.dylib
0x000000019f30d000 	/usr/lib/system/libsystem_m.dylib
0x000000018f358000 	/usr/lib/system/libsystem_malloc.dylib
0x0000000195c74000 	/usr/lib/system/libsystem_networkextension.dylib
0x00000001939a7000 	/usr/lib/system/libsystem_notify.dylib
0x000000019cf89000 	/usr/lib/system/libsystem_sandbox.dylib
0x000000029429b000 	/usr/lib/system/libsystem_sanitizers.dylib
0x000000019f39d000 	/usr/lib/system/libsystem_secinit.dylib
0x000000018f521000 	/usr/lib/system/libsystem_kernel.dylib
0x000000018f56c000 	/usr/lib/system/libsystem_platform.dylib
0x000000018f55f000 	/usr/lib/system/libsystem_pthread.dylib
0x00000001978cf000 	/usr/lib/system/libsystem_symptoms.dylib
0x000000018f288000 	/usr/lib/system/libsystem_trace.dylib
0x00000002942a3000 	/usr/lib/system/libsystem_trial.dylib
0x000000019f377000 	/usr/lib/system/libunwind.dylib
0x000000018f233000 	/usr/lib/system/libxpc.dylib
0x000000018f506000 	/usr/lib/libc++abi.dylib
0x0000000293af6000 	/usr/lib/libswiftPrespecialized.dylib
0x000000019f3b6000 	/usr/lib/libfakelink.dylib
0x00000001958be000 	/System/Library/Frameworks/CFNetwork.framework/Versions/A/CFNetwork
0x000000019f409000 	/usr/lib/libarchive.2.dylib
0x00000001a571b000 	/System/Library/Frameworks/Combine.framework/Versions/A/Combine
0x0000000247e75000 	/System/Library/PrivateFrameworks/CollectionsInternal.framework/Versions/A/CollectionsInternal
0x0000000273d74000 	/System/Library/PrivateFrameworks/ReflectionInternal.framework/Versions/A/ReflectionInternal
0x0000000274cc7000 	/System/Library/PrivateFrameworks/RuntimeInternal.framework/Versions/A/RuntimeInternal
0x00000001b9745000 	/usr/lib/swift/libswiftDarwin.dylib
0x0000000293f39000 	/usr/lib/swift/libswiftSystem.dylib
0x0000000293ff8000 	/usr/lib/swift/libswift_DarwinFoundation1.dylib
0x000000029409c000 	/usr/lib/swift/libswift_StringProcessing.dylib
0x000000019383e000 	/System/Library/PrivateFrameworks/CoreServicesInternal.framework/Versions/A/CoreServicesInternal
0x000000019f381000 	/usr/lib/liboah.dylib
0x00000001abbf9000 	/System/Library/PrivateFrameworks/DiskImages.framework/Versions/A/DiskImages
0x00000001b91ea000 	/System/Library/Frameworks/NetFS.framework/Versions/A/NetFS
0x0000000199db6000 	/System/Library/Frameworks/CoreServices.framework/Versions/A/Frameworks/FSEvents.framework/Versions/A/FSEvents
0x0000000193546000 	/System/Library/Frameworks/CoreServices.framework/Versions/A/Frameworks/CarbonCore.framework/Versions/A/CarbonCore
0x0000000199195000 	/System/Library/Frameworks/CoreServices.framework/Versions/A/Frameworks/Metadata.framework/Versions/A/Metadata
0x000000019ed89000 	/System/Library/Frameworks/CoreServices.framework/Versions/A/Frameworks/OSServices.framework/Versions/A/OSServices
0x000000019f501000 	/System/Library/Frameworks/CoreServices.framework/Versions/A/Frameworks/SearchKit.framework/Versions/A/SearchKit
0x0000000197849000 	/System/Library/Frameworks/CoreServices.framework/Versions/A/Frameworks/AE.framework/Versions/A/AE
0x000000018fb04000 	/System/Library/Frameworks/CoreServices.framework/Versions/A/Frameworks/LaunchServices.framework/Versions/A/LaunchServices
0x00000001a0887000 	/System/Library/Frameworks/CoreServices.framework/Versions/A/Frameworks/DictionaryServices.framework/Versions/A/DictionaryServices
0x0000000199dc3000 	/System/Library/Frameworks/CoreServices.framework/Versions/A/Frameworks/SharedFileList.framework/Versions/A/SharedFileList
0x000000019f594000 	/usr/lib/libapple_nghttp2.dylib
0x0000000197460000 	/usr/lib/libsqlite3.dylib
0x0000000197649000 	/System/Library/Frameworks/Accounts.framework/Versions/A/Accounts
0x00000001abe3b000 	/System/Library/PrivateFrameworks/AppSupport.framework/Versions/A/AppSupport
0x00000001bb673000 	/System/Library/Frameworks/AVFoundation.framework/Versions/A/AVFoundation
0x00000001a3956000 	/System/Library/Frameworks/GSS.framework/Versions/A/GSS
0x00000001977dd000 	/System/Library/PrivateFrameworks/RunningBoardServices.framework/Versions/A/RunningBoardServices
0x00000001ac74d000 	/System/Library/PrivateFrameworks/StreamingZip.framework/Versions/A/StreamingZip
0x00000001978d8000 	/System/Library/Frameworks/Network.framework/Versions/A/Network
0x000000019f350000 	/usr/lib/system/libkxld.dylib
0x0000000243455000 	/System/Library/PrivateFrameworks/AppleKeyStore.framework/Versions/A/AppleKeyStore
0x0000000292372000 	/usr/lib/libCoreEntitlements.dylib
0x0000000268457000 	/System/Library/PrivateFrameworks/MessageSecurity.framework/Versions/A/MessageSecurity
0x0000000197444000 	/System/Library/PrivateFrameworks/ProtocolBuffer.framework/Versions/A/ProtocolBuffer
0x00000001a8bfc000 	/System/Library/PrivateFrameworks/SymptomDiagnosticReporter.framework/Versions/A/SymptomDiagnosticReporter
0x00000001a0acc000 	/System/Library/PrivateFrameworks/CrashReporterSupport.framework/Versions/A/CrashReporterSupport
0x000000019ed69000 	/System/Library/PrivateFrameworks/AppleFSCompression.framework/Versions/A/AppleFSCompression
0x000000019e5f3000 	/usr/lib/libcoretls.dylib
0x00000001a08fd000 	/usr/lib/libcoretls_cfhelpers.dylib
0x000000019f5d6000 	/usr/lib/libpam.2.dylib
0x00000001a0973000 	/usr/lib/libxar.1.dylib
0x00000001a08ff000 	/System/Library/PrivateFrameworks/APFS.framework/Versions/A/APFS
0x00000002803f4000 	/System/Library/PrivateFrameworks/SwiftASN1Internal.framework/Versions/A/SwiftASN1Internal
0x00000001a0982000 	/usr/lib/libutil.dylib
0x000000019cf92000 	/System/Library/PrivateFrameworks/AppleSystemInfo.framework/Versions/A/AppleSystemInfo
0x000000019e2ba000 	/System/Library/PrivateFrameworks/IOMobileFramebuffer.framework/Versions/A/IOMobileFramebuffer
0x00000001ab559000 	/System/Library/PrivateFrameworks/CoreWiFi.framework/Versions/A/CoreWiFi
0x00000001bc771000 	/System/Library/PrivateFrameworks/LoggingSupport.framework/Versions/A/LoggingSupport
0x00000001a39b9000 	/System/Library/PrivateFrameworks/MobileAsset.framework/Versions/A/MobileAsset
0x00000001a8c0c000 	/System/Library/PrivateFrameworks/PowerLog.framework/Versions/A/PowerLog
0x00000001aa0ce000 	/System/Library/PrivateFrameworks/Rapport.framework/Versions/A/Rapport
0x000000023c07a000 	/System/Library/Frameworks/SwiftData.framework/Versions/A/SwiftData
0x0000000199fe3000 	/System/Library/PrivateFrameworks/UserManagement.framework/Versions/A/UserManagement
0x00000001957e5000 	/usr/lib/libboringssl.dylib
0x00000001978bd000 	/usr/lib/libdns_services.dylib
0x00000001bb7a7000 	/usr/lib/libquic.dylib
0x00000001a2bb5000 	/usr/lib/libusrtcp.dylib
0x000000024430e000 	/System/Library/PrivateFrameworks/AtomicsInternal.framework/Versions/A/AtomicsInternal
0x00000001e2a80000 	/System/Library/PrivateFrameworks/InternalSwiftProtobuf.framework/Versions/A/InternalSwiftProtobuf
0x0000000293dc0000 	/usr/lib/swift/libswiftDistributed.dylib
0x000000019cf90000 	/System/Library/PrivateFrameworks/AggregateDictionary.framework/Versions/A/AggregateDictionary
0x0000000244b3c000 	/System/Library/PrivateFrameworks/BiomeLibrary.framework/Versions/A/BiomeLibrary
0x00000001cb8bf000 	/System/Library/PrivateFrameworks/BiomeStreams.framework/Versions/A/BiomeStreams
0x00000001c7924000 	/System/Library/PrivateFrameworks/BiomeFoundation.framework/Versions/A/BiomeFoundation
0x00000001d1b43000 	/System/Library/PrivateFrameworks/BiomePubSub.framework/Versions/A/BiomePubSub
0x00000001ad730000 	/System/Library/PrivateFrameworks/ProactiveSupport.framework/Versions/A/ProactiveSupport
0x000000023e0d3000 	/System/Library/Frameworks/_LocationEssentials.framework/Versions/A/_LocationEssentials
0x00000001a08de000 	/usr/lib/liblzma.5.dylib
0x00000001ac14f000 	/System/Library/PrivateFrameworks/InternationalTextSearch.framework/Versions/A/InternationalTextSearch
0x00000001c3dff000 	/System/Library/PrivateFrameworks/SoftwareUpdateCoreSupport.framework/Versions/A/SoftwareUpdateCoreSupport
0x00000001cc35d000 	/System/Library/PrivateFrameworks/SoftwareUpdateCoreConnect.framework/Versions/A/SoftwareUpdateCoreConnect
0x00000001abcf3000 	/System/Library/PrivateFrameworks/RemoteServiceDiscovery.framework/Versions/A/RemoteServiceDiscovery
0x00000001c39d7000 	/System/Library/PrivateFrameworks/MSUDataAccessor.framework/Versions/A/MSUDataAccessor
0x00000001be93f000 	/usr/lib/libbootpolicy.dylib
0x00000001abd0a000 	/System/Library/PrivateFrameworks/RemoteXPC.framework/Versions/A/RemoteXPC
0x00000001cb793000 	/usr/lib/libFDR.dylib
0x00000001d1745000 	/usr/lib/libamsupport.dylib
0x0000000292668000 	/usr/lib/libReverseProxyDevice.dylib
0x0000000242cc5000 	/System/Library/PrivateFrameworks/AppleDeviceQuerySupport.framework/Versions/A/AppleDeviceQuerySupport
0x00000001d4907000 	/usr/lib/libpartition2_dynamic.dylib
0x000000019f570000 	/System/Library/PrivateFrameworks/AppleSauce.framework/Versions/A/AppleSauce
0x000000029221d000 	/usr/lib/libAppleArchive.dylib
0x000000019ed75000 	/usr/lib/libbz2.1.0.dylib
0x000000019922b000 	/System/Library/Frameworks/Accelerate.framework/Versions/A/Frameworks/vImage.framework/Versions/A/vImage
0x00000001a7a5c000 	/System/Library/Frameworks/Accelerate.framework/Versions/A/Frameworks/vecLib.framework/Versions/A/vecLib
0x00000001a09b9000 	/System/Library/Frameworks/Accelerate.framework/Versions/A/Frameworks/vecLib.framework/Versions/A/libvMisc.dylib
0x0000000190008000 	/System/Library/Frameworks/Accelerate.framework/Versions/A/Frameworks/vecLib.framework/Versions/A/libBLAS.dylib
0x0000000199f21000 	/System/Library/Frameworks/CoreVideo.framework/Versions/A/CoreVideo
0x00000001a356d000 	/System/Library/Frameworks/ApplicationServices.framework/Versions/A/Frameworks/ATS.framework/Versions/A/ATS
0x00000001a1c3e000 	/System/Library/Frameworks/ApplicationServices.framework/Versions/A/Frameworks/PrintCore.framework/Versions/A/PrintCore
0x00000001a391f000 	/System/Library/Frameworks/ApplicationServices.framework/Versions/A/Frameworks/QD.framework/Versions/A/QD
0x00000001a391a000 	/System/Library/Frameworks/ApplicationServices.framework/Versions/A/Frameworks/ColorSyncLegacy.framework/Versions/A/ColorSyncLegacy
0x00000001a353f000 	/System/Library/Frameworks/ApplicationServices.framework/Versions/A/Frameworks/SpeechSynthesis.framework/Versions/A/SpeechSynthesis
0x000000019c07a000 	/System/Library/PrivateFrameworks/FontServices.framework/libFontParser.dylib
0x00000001aba1b000 	/System/Library/PrivateFrameworks/BackBoardServices.framework/Versions/A/BackBoardServices
0x0000000244a41000 	/System/Library/PrivateFrameworks/BackBoardHIDEventFoundation.framework/Versions/A/BackBoardHIDEventFoundation
0x0000000191fa4000 	/System/Library/Frameworks/CoreDisplay.framework/Versions/A/CoreDisplay
0x00000001a1597000 	/System/Library/Frameworks/VideoToolbox.framework/Versions/A/VideoToolbox
0x000000019f5d4000 	/System/Library/Frameworks/MetalPerformanceShaders.framework/Versions/A/MetalPerformanceShaders
0x0000000272c7e000 	/System/Library/PrivateFrameworks/ProDisplayLibrary.framework/Versions/A/ProDisplayLibrary
0x00000001af84c000 	/System/Library/PrivateFrameworks/IOSurfaceAccelerator.framework/Versions/A/IOSurfaceAccelerator
0x000000019bbc9000 	/System/Library/PrivateFrameworks/IOAccelerator.framework/Versions/A/IOAccelerator
0x000000019bed8000 	/System/Library/Frameworks/CoreMedia.framework/Versions/A/CoreMedia
0x0000000195d29000 	/System/Library/PrivateFrameworks/TCC.framework/Versions/A/TCC
0x00000001a154f000 	/System/Library/PrivateFrameworks/WatchdogClient.framework/Versions/A/WatchdogClient
0x00000001bc88f000 	/usr/lib/swift/libswiftCoreAudio.dylib
0x00000001d8868000 	/usr/lib/swift/libswiftCoreMedia.dylib
0x0000000293f53000 	/usr/lib/swift/libswiftVideoToolbox.dylib
0x00000001d1ba4000 	/System/Library/PrivateFrameworks/BiomeStorage.framework/Versions/A/BiomeStorage
0x000000026119b000 	/System/Library/PrivateFrameworks/IntelligencePlatformLibrary.framework/Versions/A/IntelligencePlatformLibrary
0x0000000271a42000 	/System/Library/PrivateFrameworks/PoirotSchematizer.framework/Versions/A/PoirotSchematizer
0x00000002453ef000 	/System/Library/PrivateFrameworks/BiomeSync.framework/Versions/A/BiomeSync
0x0000000244b22000 	/System/Library/PrivateFrameworks/BiomeDSL.framework/Versions/A/BiomeDSL
0x0000000271ab0000 	/System/Library/PrivateFrameworks/PoirotUDFs.framework/Versions/A/PoirotUDFs
0x0000000293ffb000 	/usr/lib/swift/libswift_DarwinFoundation2.dylib
0x0000000293ffc000 	/usr/lib/swift/libswift_DarwinFoundation3.dylib
0x00000001aa0c3000 	/System/Library/PrivateFrameworks/CoreTime.framework/Versions/A/CoreTime
0x000000019f3ee000 	/usr/lib/libiconv.2.dylib
0x000000019f34b000 	/usr/lib/libcharset.1.dylib
0x0000000271a05000 	/System/Library/PrivateFrameworks/PoirotSQLite.framework/Versions/A/PoirotSQLite
0x0000000293ffd000 	/usr/lib/swift/libswift_RegexParser.dylib
0x0000000246a25000 	/System/Library/PrivateFrameworks/CascadeSets.framework/Versions/A/CascadeSets
0x00000001a3b30000 	/System/Library/PrivateFrameworks/CorePhoneNumbers.framework/Versions/A/CorePhoneNumbers
0x00000001a1349000 	/System/Library/PrivateFrameworks/AppleJPEG.framework/Versions/A/AppleJPEG
0x00000001a0d23000 	/usr/lib/libexpat.1.dylib
0x00000001a1b14000 	/System/Library/Frameworks/ImageIO.framework/Versions/A/Resources/libPng.dylib
0x00000001a1b3f000 	/System/Library/Frameworks/ImageIO.framework/Versions/A/Resources/libTIFF.dylib
0x00000001a1c27000 	/System/Library/Frameworks/ImageIO.framework/Versions/A/Resources/libGIF.dylib
0x00000001a138e000 	/System/Library/Frameworks/ImageIO.framework/Versions/A/Resources/libJP2.dylib
0x00000001a1bce000 	/System/Library/Frameworks/ImageIO.framework/Versions/A/Resources/libJPEG.dylib
0x00000001a1bc5000 	/System/Library/Frameworks/ImageIO.framework/Versions/A/Resources/libRadiance.dylib
0x0000000256e52000 	/System/Library/PrivateFrameworks/GPUCompiler.framework/Versions/32023/Libraries/libllvm-flatbuffers.dylib
0x00000002518b1000 	/System/Library/PrivateFrameworks/FramePacing.framework/Versions/A/FramePacing
0x0000000234ac6000 	/System/Library/Frameworks/OpenGL.framework/Versions/A/Libraries/libCoreFSCache.dylib
0x00000002529df000 	/System/Library/PrivateFrameworks/GPUCompiler.framework/Versions/32023/Libraries/libGPUCompilerUtils.dylib
0x00000001a9c1b000 	/System/Library/PrivateFrameworks/GraphicsServices.framework/Versions/A/GraphicsServices
0x0000000234b25000 	/System/Library/Frameworks/OpenGL.framework/Versions/A/Libraries/libGLU.dylib
0x0000000234ae8000 	/System/Library/Frameworks/OpenGL.framework/Versions/A/Libraries/libGFXShared.dylib
0x0000000234cb5000 	/System/Library/Frameworks/OpenGL.framework/Versions/A/Libraries/libGL.dylib
0x0000000234af1000 	/System/Library/Frameworks/OpenGL.framework/Versions/A/Libraries/libGLImage.dylib
0x0000000234ae5000 	/System/Library/Frameworks/OpenGL.framework/Versions/A/Libraries/libCVMSPluginSupport.dylib
0x0000000234ace000 	/System/Library/Frameworks/OpenGL.framework/Versions/A/Libraries/libCoreVMClient.dylib
0x00000001a1bc0000 	/System/Library/PrivateFrameworks/GPUWrangler.framework/Versions/A/GPUWrangler
0x00000001a1ba0000 	/System/Library/PrivateFrameworks/IOPresentment.framework/Versions/A/IOPresentment
0x00000001a1bc8000 	/System/Library/PrivateFrameworks/DSExternalDisplay.framework/Versions/A/DSExternalDisplay
0x0000000287fb7000 	/System/Library/PrivateFrameworks/VideoToolboxParavirtualizationSupport.framework/Versions/A/VideoToolboxParavirtualizationSupport
0x00000001a0cda000 	/System/Library/PrivateFrameworks/AppleVA.framework/Versions/A/AppleVA
0x0000000236b50000 	/System/Library/Frameworks/ExtensionFoundation.framework/Versions/A/ExtensionFoundation
0x00000001a1c2d000 	/System/Library/PrivateFrameworks/CMCaptureCore.framework/Versions/A/CMCaptureCore
0x00000001a0fa6000 	/System/Library/PrivateFrameworks/AppServerSupport.framework/Versions/A/AppServerSupport
0x00000001a3928000 	/System/Library/PrivateFrameworks/perfdata.framework/Versions/A/perfdata
0x00000001920c5000 	/System/Library/PrivateFrameworks/AudioToolboxCore.framework/Versions/A/AudioToolboxCore
0x000000019beae000 	/System/Library/PrivateFrameworks/caulk.framework/Versions/A/caulk
0x00000001a3525000 	/usr/lib/libAudioStatistics.dylib
0x00000001bb89c000 	/System/Library/PrivateFrameworks/SystemPolicy.framework/Versions/A/SystemPolicy
0x00000001a37cd000 	/usr/lib/libSMC.dylib
0x00000001c31eb000 	/usr/lib/swift/libswiftCoreMIDI.dylib
0x00000001aeb3e000 	/System/Library/Frameworks/CoreMIDI.framework/Versions/A/CoreMIDI
0x00000001a1aee000 	/usr/lib/libAudioToolboxUtility.dylib
0x00000001a3936000 	/usr/lib/libperfcheck.dylib
0x00000002443dd000 	/System/Library/PrivateFrameworks/AudioAnalytics.framework/Versions/A/AudioAnalytics
0x00000001e276e000 	/System/Library/Frameworks/OSLog.framework/Versions/A/OSLog
0x000000026d4b8000 	/System/Library/PrivateFrameworks/OSEligibility.framework/Versions/A/OSEligibility
0x0000000237f34000 	/System/Library/Frameworks/LightweightCodeRequirements.framework/Versions/A/LightweightCodeRequirements
0x00000001a0c23000 	/System/Library/PrivateFrameworks/PlugInKit.framework/Versions/A/PlugInKit
0x000000019e504000 	/System/Library/PrivateFrameworks/AssertionServices.framework/Versions/A/AssertionServices
0x00000001a0d48000 	/System/Library/PrivateFrameworks/IconFoundation.framework/Versions/A/IconFoundation
0x000000025dd29000 	/System/Library/PrivateFrameworks/IconRendering.framework/Versions/A/IconRendering
0x0000000274e93000 	/System/Library/PrivateFrameworks/SFSymbols.framework/Versions/A/SFSymbols
0x00000001a0f56000 	/System/Library/PrivateFrameworks/GraphVisualizer.framework/Versions/A/GraphVisualizer
0x00000002517bc000 	/System/Library/PrivateFrameworks/FontServices.framework/Versions/A/FontServices
0x00000001a0f66000 	/System/Library/PrivateFrameworks/OTSVG.framework/Versions/A/OTSVG
0x0000000199a66000 	/System/Library/Frameworks/ApplicationServices.framework/Versions/A/Frameworks/ATS.framework/Versions/A/Resources/libFontRegistry.dylib
0x0000000293130000 	/usr/lib/libhvf.dylib
0x000000026e144000 	/System/Library/PrivateFrameworks/ParsingInternal.framework/Versions/A/ParsingInternal
0x00000002517c0000 	/System/Library/PrivateFrameworks/FontServices.framework/libXTFontStaticRegistryData.dylib
0x000000019ceca000 	/System/Library/Frameworks/MetalPerformanceShaders.framework/Versions/A/Frameworks/MPSCore.framework/Versions/A/MPSCore
0x000000019ecd4000 	/System/Library/Frameworks/MetalPerformanceShaders.framework/Versions/A/Frameworks/MPSImage.framework/Versions/A/MPSImage
0x000000019e693000 	/System/Library/Frameworks/MetalPerformanceShaders.framework/Versions/A/Frameworks/MPSNeuralNetwork.framework/Versions/A/MPSNeuralNetwork
0x000000019ead2000 	/System/Library/Frameworks/MetalPerformanceShaders.framework/Versions/A/Frameworks/MPSMatrix.framework/Versions/A/MPSMatrix
0x000000019e8ea000 	/System/Library/Frameworks/MetalPerformanceShaders.framework/Versions/A/Frameworks/MPSRayIntersector.framework/Versions/A/MPSRayIntersector
0x000000019eb04000 	/System/Library/Frameworks/MetalPerformanceShaders.framework/Versions/A/Frameworks/MPSNDArray.framework/Versions/A/MPSNDArray
0x0000000238db9000 	/System/Library/Frameworks/MetalPerformanceShaders.framework/Versions/A/Frameworks/MPSFunctions.framework/Versions/A/MPSFunctions
0x0000000238d9a000 	/System/Library/Frameworks/MetalPerformanceShaders.framework/Versions/A/Frameworks/MPSBenchmarkLoop.framework/Versions/A/MPSBenchmarkLoop
0x0000000238dcd000 	/System/Library/Frameworks/MetalPerformanceShaders.framework/Versions/A/Frameworks/MPSHost.framework/Versions/A/MPSHost
0x000000018fe1f000 	/System/Library/PrivateFrameworks/MetalTools.framework/Versions/A/MetalTools
0x00000001c1b28000 	/System/Library/PrivateFrameworks/IOAccelMemoryInfo.framework/Versions/A/IOAccelMemoryInfo
0x00000001d003c000 	/System/Library/PrivateFrameworks/kperf.framework/Versions/A/kperf
0x00000001bc88b000 	/System/Library/PrivateFrameworks/GPURawCounter.framework/Versions/A/GPURawCounter
0x00000001ad8bb000 	/System/Library/PrivateFrameworks/ASEProcessing.framework/Versions/A/ASEProcessing
0x00000001de121000 	/System/Library/PrivateFrameworks/Symbolication.framework/Versions/A/Symbolication
0x00000002715f1000 	/System/Library/PrivateFrameworks/PhotosensitivityProcessing.framework/Versions/A/PhotosensitivityProcessing
0x0000000274f19000 	/System/Library/PrivateFrameworks/SILManager.framework/Versions/A/SILManager
0x00000001a9f66000 	/System/Library/PrivateFrameworks/CoreSymbolication.framework/Versions/A/CoreSymbolication
0x00000001bc800000 	/System/Library/PrivateFrameworks/MallocStackLogging.framework/Versions/A/MallocStackLogging
0x00000001a9f44000 	/System/Library/PrivateFrameworks/DebugSymbols.framework/Versions/A/DebugSymbols
0x00000001ce7af000 	/System/Library/PrivateFrameworks/OSAnalytics.framework/Versions/A/OSAnalytics
0x000000024f51e000 	/System/Library/PrivateFrameworks/DeviceRecovery.framework/Versions/A/DeviceRecovery
0x0000000283847000 	/System/Library/PrivateFrameworks/Tightbeam.framework/Versions/A/Tightbeam
0x00000001d4e74000 	/System/Library/PrivateFrameworks/AFKUser.framework/Versions/A/AFKUser
0x000000019f142000 	/System/Library/Frameworks/UserNotifications.framework/Versions/A/UserNotifications
0x00000001c22bd000 	/System/Library/PrivateFrameworks/SiriInstrumentation.framework/Versions/A/SiriInstrumentation
0x0000000277374000 	/System/Library/PrivateFrameworks/SiriAnalytics.framework/Versions/A/SiriAnalytics
0x00000001bfa25000 	/System/Library/PrivateFrameworks/FeedbackLogger.framework/Versions/A/FeedbackLogger
0x00000001da2b4000 	/usr/lib/swift/libswiftAVFoundation.dylib
0x000000028606f000 	/System/Library/PrivateFrameworks/UnifiedAssetFramework.framework/Versions/A/UnifiedAssetFramework
0x00000001a34a4000 	/System/Library/PrivateFrameworks/AudioSession.framework/Versions/A/AudioSession
0x00000001a0e67000 	/System/Library/PrivateFrameworks/MediaExperience.framework/Versions/A/MediaExperience
0x00000001a3279000 	/System/Library/PrivateFrameworks/AudioSession.framework/libSessionUtility.dylib
0x00000001a8af1000 	/System/Library/Frameworks/CoreBluetooth.framework/Versions/A/CoreBluetooth
0x000000019e377000 	/System/Library/PrivateFrameworks/CoreUtils.framework/Versions/A/CoreUtils
0x00000001b470b000 	/System/Library/PrivateFrameworks/HID.framework/Versions/A/HID
0x000000024e437000 	/System/Library/PrivateFrameworks/CoreUtilsExtras.framework/Versions/A/CoreUtilsExtras
0x000000025dc7e000 	/System/Library/PrivateFrameworks/IO80211.framework/Versions/A/IO80211
0x00000001a5467000 	/System/Library/Frameworks/IOBluetooth.framework/Versions/A/IOBluetooth
0x0000000293e08000 	/usr/lib/swift/libswiftRegexBuilder.dylib
0x00000001a0ac3000 	/usr/lib/libIOReport.dylib
0x00000001eacce000 	/System/Library/PrivateFrameworks/WiFiPeerToPeer.framework/Versions/A/WiFiPeerToPeer
0x000000019e513000 	/System/Library/Frameworks/SecurityFoundation.framework/Versions/A/SecurityFoundation
0x0000000246ad9000 	/System/Library/PrivateFrameworks/Centauri.framework/Versions/A/Centauri
0x0000000190803000 	/System/Library/PrivateFrameworks/Lexicon.framework/Versions/A/Lexicon
0x0000000293580000 	/usr/lib/libmrc.dylib
0x000000025dce9000 	/System/Library/PrivateFrameworks/IPConfiguration.framework/Versions/A/IPConfiguration
0x00000001de8f8000 	/System/Library/PrivateFrameworks/Netrb.framework/Versions/A/Netrb
0x000000019e67c000 	/usr/lib/libgermantok.dylib
0x000000019d0b9000 	/System/Library/PrivateFrameworks/LinguisticData.framework/Versions/A/LinguisticData
0x00000001a8cfa000 	/System/Library/PrivateFrameworks/MediaKit.framework/Versions/A/MediaKit
0x00000001a8c48000 	/System/Library/Frameworks/DiscRecording.framework/Versions/A/DiscRecording
0x00000001a0d3e000 	/usr/lib/libheimdal-asn1.dylib
0x00000001ac723000 	/System/Library/Frameworks/AudioUnit.framework/Versions/A/AudioUnit
0x0000000199d7e000 	/System/Library/Frameworks/OpenDirectory.framework/Versions/A/OpenDirectory
0x0000000199d8c000 	/System/Library/Frameworks/OpenDirectory.framework/Versions/A/Frameworks/CFOpenDirectory.framework/Versions/A/CFOpenDirectory
0x00000001a580f000 	/System/Library/PrivateFrameworks/GeoServices.framework/Versions/A/GeoServices
0x00000001a323f000 	/System/Library/PrivateFrameworks/LocationSupport.framework/Versions/A/LocationSupport
0x000000025a9a5000 	/System/Library/PrivateFrameworks/GeoServicesCore.framework/Versions/A/GeoServicesCore
0x00000001b560f000 	/System/Library/PrivateFrameworks/PhoneNumbers.framework/Versions/A/PhoneNumbers
0x000000026312d000 	/System/Library/PrivateFrameworks/LocationLogEncryption.framework/Versions/A/LocationLogEncryption
0x0000000235041000 	/System/Library/Frameworks/AVFAudio.framework/Versions/A/AVFAudio
0x0000000235185000 	/System/Library/Frameworks/AVRouting.framework/Versions/A/AVRouting
0x00000001b5727000 	/usr/lib/libAccessibility.dylib
0x0000000261b17000 	/System/Library/PrivateFrameworks/IsolatedCoreAudioClient.framework/Versions/A/IsolatedCoreAudioClient
0x000000024a26f000 	/System/Library/PrivateFrameworks/CoreAudioOrchestration.framework/Versions/A/CoreAudioOrchestration
0x00000001a2115000 	/System/Library/Frameworks/MediaToolbox.framework/Versions/A/MediaToolbox
0x00000001a8e20000 	/System/Library/PrivateFrameworks/CoreAVCHD.framework/Versions/A/CoreAVCHD
0x00000001a7d4f000 	/System/Library/Frameworks/MediaAccessibility.framework/Versions/A/MediaAccessibility
0x00000001a8e1c000 	/System/Library/PrivateFrameworks/Mangrove.framework/Versions/A/Mangrove
0x0000000246115000 	/System/Library/PrivateFrameworks/CMPhoto.framework/Versions/A/CMPhoto
0x00000001a95e9000 	/System/Library/Frameworks/CoreTelephony.framework/Versions/A/CoreTelephony
0x00000001a8e0f000 	/System/Library/PrivateFrameworks/CoreAUC.framework/Versions/A/CoreAUC
0x0000000243286000 	/System/Library/PrivateFrameworks/AppleJPEGXL.framework/Versions/A/AppleJPEGXL
0x00000001a3b40000 	/usr/lib/libTelephonyUtilDynamic.dylib
0x00000001e5860000 	/System/Library/Frameworks/CryptoKit.framework/Versions/A/CryptoKit
0x00000001ac71e000 	/System/Library/PrivateFrameworks/CryptoKitCBridging.framework/Versions/A/CryptoKitCBridging
0x00000001a9c2d000 	/System/Library/Frameworks/CryptoTokenKit.framework/Versions/A/CryptoTokenKit
0x000000024ef8f000 	/System/Library/PrivateFrameworks/Dendrite.framework/Versions/A/Dendrite
0x00000001bc433000 	/System/Library/Frameworks/NaturalLanguage.framework/Versions/A/NaturalLanguage
0x00000001eac56000 	/usr/lib/swift/libswiftNaturalLanguage.dylib
0x0000000243dfc000 	/System/Library/PrivateFrameworks/AppleMobileFileIntegrity.framework/Versions/A/AppleMobileFileIntegrity
0x00000002926df000 	/usr/lib/libTLE.dylib
0x00000001bc832000 	/usr/lib/libmis.dylib
0x00000001f435d000 	/System/Library/PrivateFrameworks/ConfigProfileHelper.framework/Versions/A/ConfigProfileHelper
0x00000001ac8ad000 	/System/Library/PrivateFrameworks/Espresso.framework/Versions/A/Espresso
0x000000019a50d000 	/System/Library/Frameworks/CoreML.framework/Versions/A/CoreML
0x00000001e8b13000 	/usr/lib/libedit.3.dylib
0x0000000231e50000 	/System/Library/PrivateFrameworks/ANECompiler.framework/Versions/A/ANECompiler
0x00000001ae982000 	/System/Library/PrivateFrameworks/AppleNeuralEngine.framework/Versions/A/AppleNeuralEngine
0x000000026324b000 	/System/Library/PrivateFrameworks/MIL.framework/Versions/A/MIL
0x0000000238dd3000 	/System/Library/Frameworks/MetalPerformanceShadersGraph.framework/Versions/A/MetalPerformanceShadersGraph
0x00000002639ba000 	/System/Library/PrivateFrameworks/MLCompilerServices.framework/Versions/A/MLCompilerServices
0x00000001ad6ff000 	/System/Library/PrivateFrameworks/ANEServices.framework/Versions/A/ANEServices
0x00000001c1aeb000 	/usr/lib/libncurses.5.4.dylib
0x00000001939ba000 	/usr/lib/libsandbox.1.dylib
0x00000001a0c64000 	/usr/lib/libMatch.1.dylib
0x000000026d23a000 	/System/Library/PrivateFrameworks/ODIE.framework/Versions/A/ODIE
0x0000000266647000 	/System/Library/PrivateFrameworks/MLModelAsset.framework/Versions/A/MLModelAsset
0x0000000263960000 	/System/Library/PrivateFrameworks/MLCompilerRuntime.framework/Versions/A/MLCompilerRuntime
0x000000019e93f000 	/System/Library/Frameworks/MLCompute.framework/Versions/A/MLCompute
0x00000002638e2000 	/System/Library/PrivateFrameworks/MLAssetIO.framework/Versions/A/MLAssetIO
0x0000000293dda000 	/usr/lib/swift/libswiftMLCompute.dylib
0x00000001a9804000 	/System/Library/PrivateFrameworks/AVFCore.framework/Versions/A/AVFCore
0x00000001b3029000 	/System/Library/PrivateFrameworks/AVFCapture.framework/Versions/A/AVFCapture
0x0000000245f0c000 	/System/Library/PrivateFrameworks/CMImaging.framework/Versions/A/CMImaging
0x00000001b326b000 	/System/Library/PrivateFrameworks/Quagga.framework/Versions/A/Quagga
0x00000001b339c000 	/System/Library/PrivateFrameworks/CMCapture.framework/Versions/A/CMCapture
0x00000001a36ca000 	/System/Library/Frameworks/CoreMediaIO.framework/Versions/A/CoreMediaIO
0x0000000245e47000 	/System/Library/PrivateFrameworks/CMCaptureDevice.framework/Versions/A/CMCaptureDevice
0x00000001a109f000 	/System/Library/PrivateFrameworks/CoreBrightness.framework/Versions/A/CoreBrightness
0x0000000246fd0000 	/System/Library/PrivateFrameworks/CinematicFraming.framework/Versions/A/CinematicFraming
0x0000000269722000 	/System/Library/PrivateFrameworks/ModelManagerServices.framework/Versions/A/ModelManagerServices
0x00000001d731e000 	/System/Library/PrivateFrameworks/CPMS.framework/Versions/A/CPMS
0x0000000280f6f000 	/System/Library/PrivateFrameworks/SystemStatus.framework/Versions/A/SystemStatus
0x00000001bb271000 	/System/Library/Frameworks/CoreMotion.framework/Versions/A/CoreMotion
0x00000001cb83e000 	/System/Library/PrivateFrameworks/TimeSync.framework/Versions/A/TimeSync
0x000000024f955000 	/System/Library/PrivateFrameworks/DistributedSensing.framework/Versions/A/DistributedSensing
0x00000001c6c33000 	/System/Library/PrivateFrameworks/MobileBluetooth.framework/Versions/A/MobileBluetooth
0x00000001cd4fc000 	/System/Library/PrivateFrameworks/IOKitten.framework/Versions/A/IOKitten
0x0000000243100000 	/System/Library/PrivateFrameworks/AppleIntelligenceReporting.framework/Versions/A/AppleIntelligenceReporting
0x000000019e286000 	/System/Library/PrivateFrameworks/CoreEmoji.framework/Versions/A/CoreEmoji
0x0000000190b15000 	/usr/lib/libCRFSuite.dylib
0x0000000191df5000 	/System/Library/PrivateFrameworks/LanguageModeling.framework/Versions/A/LanguageModeling
0x000000019cf99000 	/System/Library/PrivateFrameworks/CoreNLP.framework/Versions/A/CoreNLP
0x0000000196d6b000 	/System/Library/PrivateFrameworks/Montreal.framework/Versions/A/Montreal
0x000000019f3f6000 	/usr/lib/libcmph.dylib
0x000000019e61d000 	/usr/lib/libmecab.dylib
0x000000019f567000 	/usr/lib/libThaiTokenizer.dylib
0x000000025a78a000 	/System/Library/PrivateFrameworks/GenerativeModelsFoundation.framework/Versions/A/GenerativeModelsFoundation
0x0000000283d4c000 	/System/Library/PrivateFrameworks/TokenGeneration.framework/Versions/A/TokenGeneration
0x000000025a55e000 	/System/Library/PrivateFrameworks/GenerativeFunctions.framework/Versions/A/GenerativeFunctions
0x000000025a5ac000 	/System/Library/PrivateFrameworks/GenerativeFunctionsFoundation.framework/Versions/A/GenerativeFunctionsFoundation
0x00000002693e8000 	/System/Library/PrivateFrameworks/ModelCatalog.framework/Versions/A/ModelCatalog
0x000000027658e000 	/System/Library/PrivateFrameworks/SensitiveContentAnalysisML.framework/Versions/A/SensitiveContentAnalysisML
0x000000025a642000 	/System/Library/PrivateFrameworks/GenerativeFunctionsInstrumentation.framework/Versions/A/GenerativeFunctionsInstrumentation
0x0000000273406000 	/System/Library/PrivateFrameworks/PromptKit.framework/Versions/A/PromptKit
0x0000000272e1d000 	/System/Library/PrivateFrameworks/ProactiveDaemonSupport.framework/Versions/A/ProactiveDaemonSupport
0x0000000283f84000 	/System/Library/PrivateFrameworks/TokenGenerationCore.framework/Versions/A/TokenGenerationCore
0x00000001bd2fe000 	/System/Library/PrivateFrameworks/Trial.framework/Versions/A/Trial
0x00000001bd27f000 	/System/Library/PrivateFrameworks/TrialProto.framework/Versions/A/TrialProto
0x0000000242d2c000 	/System/Library/PrivateFrameworks/AppleFlatBuffers.framework/Versions/A/AppleFlatBuffers
0x000000027685e000 	/System/Library/PrivateFrameworks/SentencePieceInternal.framework/Versions/A/SentencePieceInternal
0x00000001a7da9000 	/System/Library/Frameworks/Vision.framework/Versions/A/Vision
0x000000024e119000 	/System/Library/PrivateFrameworks/CoreSceneUnderstanding.framework/Versions/A/CoreSceneUnderstanding
0x0000000288bc4000 	/System/Library/PrivateFrameworks/VisionCore.framework/Versions/A/VisionCore
0x00000001c5bc1000 	/System/Library/Frameworks/Vision.framework/libfaceCore.dylib
0x00000001c66db000 	/System/Library/PrivateFrameworks/Futhark.framework/Versions/A/Futhark
0x00000001ca61b000 	/System/Library/PrivateFrameworks/InertiaCam.framework/Versions/A/InertiaCam
0x00000001c6468000 	/System/Library/PrivateFrameworks/TextRecognition.framework/Versions/A/TextRecognition
0x00000001a0b01000 	/System/Library/PrivateFrameworks/CVNLP.framework/Versions/A/CVNLP
0x00000001e2c57000 	/System/Library/PrivateFrameworks/HIDDisplay.framework/Versions/A/HIDDisplay
0x00000001a1bf9000 	/System/Library/Frameworks/ApplicationServices.framework/Versions/A/Frameworks/ATSUI.framework/Versions/A/ATSUI
0x00000001a38ae000 	/usr/lib/libcups.2.dylib
0x00000001a3944000 	/System/Library/Frameworks/Kerberos.framework/Versions/A/Kerberos
0x00000001a35b5000 	/usr/lib/libresolv.9.dylib
0x00000001a0fba000 	/System/Library/PrivateFrameworks/Heimdal.framework/Versions/A/Heimdal
0x00000001ac722000 	/System/Library/Frameworks/Kerberos.framework/Versions/A/Libraries/libHeimdalProxy.dylib
0x00000001a39a8000 	/System/Library/PrivateFrameworks/CommonAuth.framework/Versions/A/CommonAuth
0x00000001b561b000 	/System/Library/PrivateFrameworks/AXCoreUtilities.framework/Versions/A/AXCoreUtilities
0x00000002921e0000 	/usr/lib/libAXSafeCategoryBundle.dylib
0x000000023d15e000 	/System/Library/Frameworks/TabularData.framework/Versions/A/TabularData
0x0000000243fac000 	/System/Library/PrivateFrameworks/ArgumentParserInternal.framework/Versions/A/ArgumentParserInternal
0x000000019e148000 	/System/Library/Frameworks/Accelerate.framework/Versions/A/Frameworks/vecLib.framework/Versions/A/libvDSP.dylib
0x000000019f6b6000 	/System/Library/Frameworks/Accelerate.framework/Versions/A/Frameworks/vecLib.framework/Versions/A/libLAPACK.dylib
0x000000019e67f000 	/System/Library/Frameworks/Accelerate.framework/Versions/A/Frameworks/vecLib.framework/Versions/A/libLinearAlgebra.dylib
0x000000019f5ad000 	/System/Library/Frameworks/Accelerate.framework/Versions/A/Frameworks/vecLib.framework/Versions/A/libSparseBLAS.dylib
0x000000019f6b1000 	/System/Library/Frameworks/Accelerate.framework/Versions/A/Frameworks/vecLib.framework/Versions/A/libQuadrature.dylib
0x000000019d0c0000 	/System/Library/Frameworks/Accelerate.framework/Versions/A/Frameworks/vecLib.framework/Versions/A/libBNNS.dylib
0x0000000190913000 	/System/Library/Frameworks/Accelerate.framework/Versions/A/Frameworks/vecLib.framework/Versions/A/libSparse.dylib
0x00000001a390d000 	/System/Library/PrivateFrameworks/NetAuth.framework/Versions/A/NetAuth
0x0000000199fa2000 	/System/Library/PrivateFrameworks/login.framework/Versions/A/Frameworks/loginsupport.framework/Versions/A/loginsupport
0x000000019e5e7000 	/usr/lib/libCheckFix.dylib
0x0000000199128000 	/System/Library/PrivateFrameworks/MetadataUtilities.framework/Versions/A/MetadataUtilities
0x000000025e770000 	/System/Library/PrivateFrameworks/InstalledContentLibrary.framework/Versions/A/InstalledContentLibrary
0x000000019387e000 	/System/Library/PrivateFrameworks/CoreServicesStore.framework/Versions/A/CoreServicesStore
0x00000001d0153000 	/System/Library/PrivateFrameworks/MobileSystemServices.framework/Versions/A/MobileSystemServices
0x00000001a0986000 	/usr/lib/libxslt.1.dylib
0x000000019e5a6000 	/System/Library/PrivateFrameworks/BackgroundTaskManagement.framework/Versions/A/BackgroundTaskManagement
0x00000001abdb4000 	/usr/lib/libcurl.4.dylib
0x0000000292ee4000 	/usr/lib/libcrypto.46.dylib
0x0000000293a83000 	/usr/lib/libssl.48.dylib
0x00000001aba8e000 	/System/Library/Frameworks/LDAP.framework/Versions/A/LDAP
0x00000001abaca000 	/System/Library/PrivateFrameworks/TrustEvaluationAgent.framework/Versions/A/TrustEvaluationAgent
0x00000001a35d2000 	/usr/lib/libsasl2.2.dylib
0x00000001b9744000 	/usr/lib/swift/libswiftCoreGraphics.dylib
0x00000001a8443000 	/usr/lib/swift/libswiftFoundation.dylib
0x00000001f3d01000 	/usr/lib/swift/libswiftSwiftOnoneSupport.dylib
0x0000000294131000 	/usr/lib/swift/libswiftsys_time.dylib
0x00000001de936000 	/System/Library/PrivateFrameworks/CoreMaterial.framework/Versions/A/CoreMaterial
0x00000002926dc000 	/usr/lib/libSpatial.dylib
0x00000002920fd000 	/System/Library/SubFrameworks/UIUtilities.framework/Versions/A/UIUtilities
0x000000010aa78000 	/Users/williampattle/.sdkman/candidates/java/21.0.6-tem/lib/server/libjvm.dylib
0x0000000104f00000 	/Users/williampattle/.sdkman/candidates/java/21.0.6-tem/lib/libjimage.dylib
0x0000000104f84000 	/Users/williampattle/.sdkman/candidates/java/21.0.6-tem/lib/libjava.dylib
0x0000000109d68000 	/Users/williampattle/.sdkman/candidates/java/21.0.6-tem/lib/libnio.dylib
0x0000000109d88000 	/Users/williampattle/.sdkman/candidates/java/21.0.6-tem/lib/libnet.dylib
0x0000000109da4000 	/Users/williampattle/.sdkman/candidates/java/21.0.6-tem/lib/libzip.dylib
0x0000000105474000 	/Users/williampattle/.sdkman/candidates/java/21.0.6-tem/lib/libmanagement.dylib
0x0000000105488000 	/Users/williampattle/.sdkman/candidates/java/21.0.6-tem/lib/libmanagement_ext.dylib
0x0000000104f6c000 	/private/var/folders/g1/lqnz451x5gvdfmss8_cvqclw0000gn/T/.sbt-1771671561/ipcsocket/libsbtipcsocket12495654211007295124.dylib
0x0000000109df0000 	/Users/williampattle/.sdkman/candidates/java/21.0.6-tem/lib/libextnet.dylib
0x0000000109e04000 	/private/var/folders/g1/lqnz451x5gvdfmss8_cvqclw0000gn/T/jlinenative-3.27.1-d4e6e64568e2b321-libjlinenative.jnilib
0x0000000109dcc000 	/private/var/folders/g1/lqnz451x5gvdfmss8_cvqclw0000gn/T/.sbtd8dab0dc/swoval/swoval-jni/8597129520942853903-libswoval-files0.dylib
0x00000001bb270000 	/System/Library/Frameworks/Carbon.framework/Versions/A/Carbon
0x00000001b1432000 	/System/Library/Frameworks/Carbon.framework/Versions/A/Frameworks/CommonPanels.framework/Versions/A/CommonPanels
0x00000001abd9f000 	/System/Library/Frameworks/Carbon.framework/Versions/A/Frameworks/Help.framework/Versions/A/Help
0x00000001b1436000 	/System/Library/Frameworks/Carbon.framework/Versions/A/Frameworks/ImageCapture.framework/Versions/A/ImageCapture
0x00000001b1411000 	/System/Library/Frameworks/Carbon.framework/Versions/A/Frameworks/OpenScripting.framework/Versions/A/OpenScripting
0x00000001b1431000 	/System/Library/Frameworks/Carbon.framework/Versions/A/Frameworks/Ink.framework/Versions/A/Ink
0x00000001b142e000 	/System/Library/Frameworks/Carbon.framework/Versions/A/Frameworks/SecurityHI.framework/Versions/A/SecurityHI
0x0000000292550000 	/usr/lib/libInterpreterSecurity.dylib
0x00000001d1ed0000 	/System/Library/PrivateFrameworks/XprotectFramework.framework/Versions/A/XprotectFramework
0x00000001b4a2c000 	/System/Library/PrivateFrameworks/yara.framework/Versions/A/yara
0x00000002924cd000 	/usr/lib/libEndpointSecuritySystem.dylib
0x0000000109eb0000 	/Users/williampattle/.sdkman/candidates/java/21.0.6-tem/lib/libverify.dylib
0x0000000109ef4000 	/Users/williampattle/Library/Caches/JNA/temp/jna17968130179710291824.tmp


VM Arguments:
jvm_args: -Dfile.encoding=UTF-8 -Xms1024m -Xmx1024m -Xss4M -XX:ReservedCodeCacheSize=128m -Dsbt.script=/Users/williampattle/.sdkman/candidates/sbt/current/bin/sbt -Dscala.ext.dirs=/Users/williampattle/.sbt/1.0/java9-rt-ext-eclipse_adoptium_21_0_6 
java_command: /Users/williampattle/.sdkman/candidates/sbt/1.11.7/bin/sbt-launch.jar run
java_class_path (initial): /Users/williampattle/.sdkman/candidates/sbt/1.11.7/bin/sbt-launch.jar
Launcher Type: SUN_STANDARD

[Global flags]
     intx CICompilerCount                          = 4                                         {product} {ergonomic}
     uint ConcGCThreads                            = 3                                         {product} {ergonomic}
     uint G1ConcRefinementThreads                  = 10                                        {product} {ergonomic}
   size_t G1HeapRegionSize                         = 1048576                                   {product} {ergonomic}
    uintx GCDrainStackTargetSize                   = 64                                        {product} {ergonomic}
   size_t InitialHeapSize                          = 1073741824                                {product} {command line}
   size_t MarkStackSize                            = 4194304                                   {product} {ergonomic}
   size_t MaxHeapSize                              = 1073741824                                {product} {command line}
   size_t MaxNewSize                               = 643825664                                 {product} {ergonomic}
   size_t MinHeapDeltaBytes                        = 1048576                                   {product} {ergonomic}
   size_t MinHeapSize                              = 1073741824                                {product} {command line}
    uintx NonNMethodCodeHeapSize                   = 16384                                  {pd product} {ergonomic}
    uintx NonProfiledCodeHeapSize                  = 0                                      {pd product} {ergonomic}
    uintx ProfiledCodeHeapSize                     = 0                                      {pd product} {ergonomic}
    uintx ReservedCodeCacheSize                    = 134217728                              {pd product} {command line}
   size_t SoftMaxHeapSize                          = 1073741824                             {manageable} {ergonomic}
     intx ThreadStackSize                          = 4096                                   {pd product} {command line}
     bool UseCompressedOops                        = true                           {product lp64_product} {ergonomic}
     bool UseG1GC                                  = true                                      {product} {ergonomic}
     bool UseNUMA                                  = false                                     {product} {ergonomic}
     bool UseNUMAInterleaving                      = false                                     {product} {ergonomic}

Logging:
Log output configuration:
 #0: stdout all=warning uptime,level,tags foldmultilines=false
 #1: stderr all=off uptime,level,tags foldmultilines=false

Environment Variables:
JAVA_HOME=/Users/williampattle/.sdkman/candidates/java/current
PATH=/Users/williampattle/.sdkman/candidates/sbt/current/bin:/Users/williampattle/.sdkman/candidates/java/current/bin:/opt/homebrew/bin:/opt/homebrew/sbin:/usr/local/bin:/System/Cryptexes/App/usr/bin:/usr/bin:/bin:/usr/sbin:/sbin:/var/run/com.apple.security.cryptexd/codex.system/bootstrap/usr/local/bin:/var/run/com.apple.security.cryptexd/codex.system/bootstrap/usr/bin:/var/run/com.apple.security.cryptexd/codex.system/bootstrap/usr/appleinternal/bin:/pkg/env/global/bin:/Users/williampattle/Library/Application Support/JetBrains/Toolbox/scripts
SHELL=/bin/zsh
LANG=C.UTF-8
LC_CTYPE=UTF-8
TERM=xterm-256color
TMPDIR=/var/folders/g1/lqnz451x5gvdfmss8_cvqclw0000gn/T/

Active Locale:
LC_ALL=C.UTF-8/UTF-8/C.UTF-8/C.UTF-8/C.UTF-8/C.UTF-8
LC_COLLATE=C.UTF-8
LC_CTYPE=UTF-8
LC_MESSAGES=C.UTF-8
LC_MONETARY=C.UTF-8
LC_NUMERIC=C.UTF-8
LC_TIME=C.UTF-8

Signal Handlers:
   SIGSEGV: crash_handler in libjvm.dylib, mask=11100110000111110111111111111111, flags=SA_ONSTACK|SA_RESTART|SA_SIGINFO, unblocked
    SIGBUS: crash_handler in libjvm.dylib, mask=11100110000111110111111111111111, flags=SA_RESTART|SA_SIGINFO, unblocked
    SIGFPE: crash_handler in libjvm.dylib, mask=11100110000111110111111111111111, flags=SA_RESTART|SA_SIGINFO, unblocked
   SIGPIPE: javaSignalHandler in libjvm.dylib, mask=11100110000111110111111111111111, flags=SA_RESTART|SA_SIGINFO, blocked
   SIGXFSZ: javaSignalHandler in libjvm.dylib, mask=11100110000111110111111111111111, flags=SA_RESTART|SA_SIGINFO, blocked
    SIGILL: crash_handler in libjvm.dylib, mask=11100110000111110111111111111111, flags=SA_RESTART|SA_SIGINFO, unblocked
   SIGUSR2: SR_handler in libjvm.dylib, mask=00000000000000000000000000000000, flags=SA_RESTART|SA_SIGINFO, blocked
    SIGHUP: UserHandler in libjvm.dylib, mask=11100110000111110111111111111111, flags=SA_RESTART|SA_SIGINFO, blocked
    SIGINT: UserHandler in libjvm.dylib, mask=11100110000111110111111111111111, flags=SA_RESTART|SA_SIGINFO, blocked
   SIGTERM: UserHandler in libjvm.dylib, mask=11100110000111110111111111111111, flags=SA_RESTART|SA_SIGINFO, blocked
   SIGQUIT: UserHandler in libjvm.dylib, mask=11100110000111110111111111111111, flags=SA_RESTART|SA_SIGINFO, blocked
   SIGTRAP: crash_handler in libjvm.dylib, mask=11100110000111110111111111111111, flags=SA_RESTART|SA_SIGINFO, unblocked


Periodic native trim disabled

---------------  S Y S T E M  ---------------

OS:
uname: Darwin 25.5.0 Darwin Kernel Version 25.5.0: Tue Jun  9 22:28:34 PDT 2026; root:xnu-12377.121.10~1/RELEASE_ARM64_T6041 arm64
OS uptime: 24 days 20:12 hours
rlimit (soft/hard): STACK 8176k/65520k , CORE 0k/infinity , NPROC 4000/6000 , NOFILE 1048576/infinity , AS infinity/infinity , CPU infinity/infinity , DATA infinity/infinity , FSIZE infinity/infinity , MEMLOCK infinity/infinity , RSS infinity/infinity
load average: 5.10 18.47 22.45

CPU: total 12 (initial active 12) 0x61:0x0:0x17d5b93a:0, fp, asimd, aes, pmull, sha1, sha256, crc32, lse, sha3, sha512
machdep.cpu.brand_string:Apple M4 Pro
hw.cachelinesize:128
hw.l1icachesize:131072
hw.l1dcachesize:65536
hw.l2cachesize:4194304

Memory: 16k page, physical 25165824k(81472k free), swap 10485760k(979072k free)

vm_info: OpenJDK 64-Bit Server VM (21.0.6+7-LTS) for bsd-aarch64 JRE (21.0.6+7-LTS), built on 2025-01-21T00:00:00Z by "admin" with clang Apple LLVM 15.0.0 (clang-1500.1.0.2.5)

END.
